term,z,n_high,n_low
please,11.836491351966538,330,3
be,10.46349951986492,1119,657
it,9.186495065801768,1517,1151
that's not,9.039300114972516,224,17
you,8.663893393546347,1301,973
might,8.40693717989075,269,58
not,8.064123269061765,2224,2043
could,7.706139488967358,266,75
won't,7.68051993700402,201,34
your,7.48550038624591,1003,758
it's,7.258170938151628,835,602
you might,7.089027702471969,133,8
may,7.042596328168203,921,705
that's,6.953112440856962,689,475
just,6.571293760738275,232,82
necessary,6.040152761357105,156,41
it's not,5.994411454570194,339,189
fine,5.982404352486505,250,113
not necessary,5.964770953428969,117,18
you may,5.902778431890131,122,22
i'd,5.891394253214656,120,21
if,5.560309537336676,913,805
could be,5.558590210609588,97,13
might be,5.376939484410103,94,14
it may,5.370988153604399,199,89
hurt,5.282872601559822,75,5
it won't,5.206200418287252,77,7
won't hurt,5.202305474534982,69,3
don't,5.13912771294605,278,165
fine but,5.101173540819447,80,10
that's fine,5.093660603016086,78,9
is enough,5.07226496509471,93,18
money,5.071717390322159,88,15
necessary one,5.007885930056954,58,0
said,4.8824875386125886,73,9
okay,4.859169589624805,63,4
consider,4.800104068874621,140,56
not accurate,4.7700459107188244,61,4
actually,4.75445511878349,112,36
want to,4.707329516339219,69,9
choice but,4.69585484671366,51,0
if you,4.693563835744443,318,220
your choice,4.649572536573752,50,0
still,4.617791859279621,234,142
need,4.528440117902938,281,190
that's your,4.5078795380291075,47,0
it might,4.453198019969898,58,6
doctor,4.410040019590173,110,41
choice,4.345619240299557,99,34
please do,4.311728417458915,43,0
may not,4.197804507780305,152,80
just be,4.1446279357128075,44,2
one label,4.128045765442863,80,24
accurate,4.055993573543886,100,40
please don't,4.053229691770073,38,0
be aware,4.039390626469864,42,2
that's unnecessary,3.9995278796256835,37,0
no it,3.990156532405354,39,1
minutes is,3.9439753631671945,76,24
doesn't,3.905214292118835,236,168
may be,3.876301703717559,228,161
first,3.866220291118294,157,93
that could,3.824377656399268,36,1
can be,3.8224362464382753,278,214
but don't,3.7882749838072316,45,6
that's an,3.7636854429122066,37,2
but you,3.7538321414903018,72,24
enough it,3.719418976465807,32,0
cautious,3.6906270320304695,45,7
no it's,3.6608287178116306,31,0
not say,3.6608287178116306,31,0
please be,3.6608287178116306,31,0
need to,3.610418950458818,97,46
enough that's,3.6012862223038793,30,0
hurt but,3.5903756112748004,36,3
no one,3.5903756112748004,36,3
unnecessary but,3.5407434507170032,29,0
benefit it's,3.5309534103593516,31,1
but,3.511089243895452,1715,1970
don't add,3.4791481841925656,28,0
required minutes,3.4791481841925656,28,0
safety no,3.4791481841925656,28,0
be cautious,3.4693164522657174,30,1
fine just,3.4693164522657174,30,1
risky,3.4589878317985367,49,12
make,3.443954419355173,143,91
redundant that's,3.4164434967050585,27,0
add safety,3.4164434967050585,27,0
enough multiple,3.4164434967050585,27,0
multiple are,3.4164434967050585,27,0
sufficient multiple,3.4164434967050585,27,0
sure,3.402127312944442,48,12
but if,3.393782025922662,58,19
paying,3.3609957831719965,56,18
it's your,3.352567138703735,26,0
be careful,3.352567138703735,26,0
cause,3.3437290280999865,276,231
usually enough,3.290154553512655,33,4
overkill minutes,3.287450812937173,25,0
enough no,3.287450812937173,25,0
it's good,3.2805095170277108,31,3
not more,3.2805095170277108,31,3
aware that,3.2775254569780836,27,1
is usually,3.2388335056482855,111,66
if you're,3.2323416264488225,63,25
no hours,3.221019318472173,24,0
pendulum,3.221019318472173,24,0
that may,3.1986918423759794,46,13
you feel,3.1759871255465515,38,8
your doctor,3.1754003141627876,33,5
not required,3.1677941534310294,41,10
you have,3.1635451217964867,87,46
might want,3.153189532343784,23,0
but won't,3.148522247401776,29,3
safe,3.1420789634033364,283,247
careful,3.1094900729487285,32,5
be changing,3.0838691895268315,22,0
you don't,3.052413559838198,45,14
not be,3.031407538374361,63,28
you do,3.0245942061735436,29,4
but it's,3.015007490926722,191,152
wouldn't,3.012955410151251,21,0
please check,3.012955410151251,21,0
before,3.008197216733909,187,148
is overkill,3.00331781647208,25,2
guaranteed,2.999152935519222,72,36
make sure,2.9961597436300864,32,6
would,2.987249170707346,105,66
it can,2.956760167384363,141,102
more effective,2.9484594369437,71,36
enough,2.9415290487228134,184,147
be paying,2.9403329068525794,20,0
please reconsider,2.9403329068525794,20,0
please consider,2.9403329068525794,20,0
reconsider,2.9403329068525794,20,0
but be,2.9304523699315443,22,1
medication,2.929431827857998,43,14
changing,2.905720321843662,44,15
spending,2.90397552874417,29,5
instead,2.901147445016876,63,30
even,2.8804346944628683,120,83
do,2.8677589278438083,216,184
just make,2.856054705715273,21,1
don't need,2.8538719083803517,39,12
feeling,2.83262656830194,28,5
is not,2.828493474857893,433,435
drive,2.8215166187979155,44,16
you could,2.8138190433635617,59,28
might not,2.789424801669856,18,0
that's okay,2.789424801669856,18,0
paying for,2.7822283236301315,22,2
placebo,2.7792073332261786,35,10
if your,2.7649610173723307,64,33
medical,2.74998022625332,88,55
not guaranteed,2.7484661950301144,53,24
help but,2.747402230902207,48,20
keep,2.7442153271586527,76,44
stop,2.7316535446590517,49,21
i'd recommend,2.717265841707609,23,3
dangerous,2.7123970224276315,56,27
may want,2.7108239606170983,17,0
if it,2.704177537612075,73,42
not correct,2.701227661169376,19,1
isn't,2.6856848870324197,96,64
better,2.6795921475889615,208,182
did not,2.672457093375096,39,14
wrong,2.672457093375096,39,14
is safer,2.6538931085305317,36,12
not safe,2.6505139529619393,40,15
it could,2.640594731263384,33,10
i'd advise,2.6298761454569193,16,0
prescribed,2.6250568688194065,20,2
is sufficient,2.6226824201159897,67,38
i'd suggest,2.620453685266391,18,1
save,2.6111806819199828,42,17
aware,2.609634789856693,47,21
feel,2.593189413491602,73,44
lead to,2.582779914041923,49,23
stopping,2.5815039053457465,23,4
did,2.5770958767010317,44,19
can,2.5713215135897713,1507,1811
predict,2.5588988703894846,21,3
be due,2.5588988703894846,21,3
on it,2.5588988703894846,21,3
you should,2.552885815183491,90,61
i'd still,2.546357537548667,15,0
enjoy the,2.546357537548667,15,0
mind,2.546357537548667,15,0
necessary the,2.546357537548667,15,0
your call,2.546357537548667,15,0
be spending,2.546357537548667,15,0
no need,2.5430506087041453,19,2
be prepared,2.5430506087041453,19,2
luck,2.5371665187249253,17,1
enjoy,2.5010913636718093,22,4
lose,2.479908017684538,40,17
vet,2.4688184975889365,32,11
be replacing,2.4600063111942894,14,0
please verify,2.4600063111942894,14,0
psychic,2.4600063111942894,14,0
said it,2.4600063111942894,14,0
still need,2.458493297032079,18,2
than needed,2.458493297032079,18,2
expect,2.452583943520691,29,9
might help,2.450288425513865,23,5
true,2.4484735717863084,48,24
too,2.447923590303226,121,95
decision,2.44492464739,26,7
be more,2.4433705750339656,33,12
better to,2.4433705750339656,33,12
is,2.4418306719073337,2643,3326
help,2.4218032609008735,246,235
one is,2.412776931582312,39,17
safer to,2.408764568162198,27,8
may need,2.3987560481272077,35,14
don't expect,2.391242583608313,19,3
checking,2.3762974101218397,57,33
them,2.3751764491663248,148,126
is fine,2.3751505879628607,74,49
okay but,2.3711431702184314,17,2
just keep,2.370512933226716,13,0
that's risky,2.370512933226716,13,0
prepared for,2.370512933226716,13,0
add,2.3656339867827385,86,61
unnecessarily,2.362027928797709,15,1
for you,2.362027928797709,15,1
first you,2.362027928797709,15,1
worth,2.36116816702764,37,16
may still,2.348010200867897,33,13
prepared,2.3333209486240514,20,4
items,2.330031590917892,26,8
and could,2.323430269846822,23,6
try,2.3053022526083624,48,26
be from,2.28420366369078,24,7
talk,2.2807192387987065,16,2
cautious about,2.2775070264142627,12,0
won't be,2.2775070264142627,12,0
hope,2.2775070264142627,12,0
what said,2.2775070264142627,12,0
please use,2.2775070264142627,12,0
changes that's,2.2775070264142627,12,0
just know,2.2775070264142627,12,0
confirm that,2.26954824012666,14,1
an unnecessary,2.26954824012666,14,1
leave you,2.26954824012666,14,1
they're,2.2439758648264543,29,11
with your,2.2237068921118532,41,21
you'll,2.191093081979254,37,18
they won't,2.186892052932044,15,2
sure the,2.186892052932044,15,2
many causes,2.186892052932044,15,2
miss,2.186892052932044,15,2
strongly advise,2.180539180415403,11,0
symbolic,2.180539180415403,11,0
will likely,2.180539180415403,11,0
okay if,2.180539180415403,11,0
say that,2.180539180415403,11,0
said the,2.180539180415403,11,0
separate you'll,2.180539180415403,11,0
changing engine,2.180539180415403,11,0
please get,2.180539180415403,11,0
choice for,2.1732737652695455,13,1
coincidence,2.1732737652695455,13,1
you like,2.1732737652695455,13,1
changing oil,2.1732737652695455,13,1
proven,2.1715480065379973,80,59
skin,2.1707030726594683,79,58
strongly,2.16676756354235,24,8
expensive,2.1658767989650722,28,11
not that,2.154947246454106,18,4
should check,2.154947246454106,18,4
see,2.1442600152386655,92,72
get,2.1421650087641733,91,71
your manual,2.141669299048179,53,33
that is,2.1290749221101097,57,37
check,2.1141183300766504,344,366
leave,2.1087353898530923,46,27
seeing,2.1057490429194394,19,5
unnecessary,2.1054166700133248,94,75
it is,2.0896527236352327,115,98
but i'd,2.0892715500562447,14,2
can cause,2.0826436082617916,113,96
you stranded,2.079055110470491,10,0
not what,2.079055110470491,10,0
the systems,2.079055110470491,10,0
won't harm,2.079055110470491,10,0
overreaction,2.079055110470491,10,0
please consult,2.079055110470491,10,0
it please,2.079055110470491,10,0
safe you,2.079055110470491,10,0
actually the,2.079055110470491,10,0
stranded,2.079055110470491,10,0
good luck,2.079055110470491,10,0
the opposite,2.079055110470491,10,0
suggest checking,2.079055110470491,10,0
an overreaction,2.079055110470491,10,0
many people,2.0786437731143472,40,22
you'll be,2.072709891690577,12,1
before making,2.072709891690577,12,1
consulting,2.072709891690577,12,1
for no,2.072709891690577,12,1
damage your,2.072709891690577,12,1
check the,2.069573171652357,129,114
safer,2.0681401693223433,96,78
monitor,2.0647082750706347,28,12
getting,2.0634335142472384,20,6
for more,2.0611708315006587,17,4
more frequent,2.052913490103004,24,9
it's safe,2.0483301971480365,35,18
worsen,2.0455690799046,29,13
irritate,2.0283790203068395,30,14
fine for,2.0272146275592497,25,10
cure,2.022700085115065,107,91
consult,2.0129169017032553,31,15
that's myth,2.0127393696228655,18,5
someone,2.0127393696228655,18,5
can still,1.9989936789116662,32,16
talk to,1.987390800810923,13,2
medical treatment,1.987390800810923,13,2
good but,1.987390800810923,13,2
be harmful,1.987390800810923,13,2
don't rely,1.987390800810923,13,2
has no,1.9864468047364718,33,17
past,1.9841426116428147,27,12
ear,1.9841426116428147,27,12
fine to,1.9672472808584445,11,1
safe no,1.9672472808584445,11,1
ad,1.9672472808584445,11,1
you still,1.9672472808584445,11,1
placebo or,1.9672472808584445,11,1
afford,1.9672472808584445,11,1
that's dangerous,1.9672472808584445,11,1
be safer,1.9672472808584445,11,1
just don't,1.9672472808584445,11,1
have many,1.9639321578252695,16,4
scientifically,1.9639321578252695,16,4
works for,1.9639321578252695,16,4
unlikely to,1.9424640275604645,24,10
checking the,1.9359839408369086,20,7
does,1.9327147163207476,224,229
watch for,1.9188106463404735,14,3
not evidence,1.9188106463404735,14,3
throat,1.9164801709772152,17,5
take,1.9129643720583178,43,27
confirm,1.9092210231581426,44,28
see doctor,1.900664851097901,33,18
may help,1.8924695023738176,57,41
would be,1.8913998699738672,34,19
can damage,1.8913998699738672,34,19
but it,1.8870409976039924,166,162
verify with,1.8806838692851577,12,2
happen,1.8806838692851577,12,2
oil for,1.8806838692851577,12,2
ritual,1.8806838692851577,12,2
upset,1.8806838692851577,12,2
but your,1.8806838692851577,12,2
experience,1.8757192534854628,36,21
may cause,1.8698460673662254,28,14
unlikely,1.8698460673662254,28,14
without,1.866806743356424,130,121
magnetic,1.8628677851568052,15,4
calorie deficit,1.8628677851568052,15,4
evaluation,1.8628677851568052,15,4
it does,1.8591886307562855,70,55
consult your,1.8561217303673205,10,1
talking,1.8561217303673205,10,1
use proper,1.8561217303673205,10,1
first if,1.8561217303673205,10,1
can afford,1.8561217303673205,10,1
call your,1.8561217303673205,10,1
you're not,1.8561217303673205,10,1
everything,1.8561217303673205,10,1
could cause,1.8561217303673205,10,1
opposite,1.8561217303673205,10,1
didn't,1.855542220198629,23,10
know,1.8446985884432971,30,16
one,1.843120879517438,240,252
label is,1.839387198908257,91,78
may have,1.8372515902203428,59,44
rely on,1.8352482450335041,24,11
quick,1.8352482450335041,24,11
guarantee,1.8329359834199348,49,34
no evidence,1.832191649527346,53,38
be better,1.8131492653585373,20,8
manual's interval,1.8123809238104116,13,3
try it,1.8123809238104116,13,3
and don't,1.8123809238104116,13,3
sufficient,1.799662011345562,81,68
acne,1.7880491977322528,27,14
let,1.7880491977322528,27,14
not supported,1.7835236357935498,60,46
infection,1.7808275729447158,40,26
not proven,1.7781000973753973,41,27
soothe,1.7780856354435168,17,6
follow the,1.775937373108291,28,15
there's no,1.7713880209268975,85,73
harm your,1.7684550303681563,11,2
be worth,1.7684550303681563,11,2
be wrong,1.7684550303681563,11,2
for safety,1.7684550303681563,11,2
can lead,1.7652772902440423,29,16
an,1.759773123288796,298,327
predictions,1.7575514262815912,14,4
need it,1.7575514262815912,14,4
be sure,1.7575514262815912,14,4
want,1.7524454222683463,99,89
permanently,1.7456176338325389,18,7
it's an,1.7456176338325389,18,7
does not,1.7432268836741158,192,198
need proper,1.738354397445987,9,1
helpful but,1.738354397445987,9,1
just remember,1.738354397445987,9,1
support that,1.738354397445987,9,1
doctor before,1.738354397445987,9,1
accurate the,1.738354397445987,9,1
it's okay,1.738354397445987,9,1
it just,1.738354397445987,9,1
might still,1.738354397445987,9,1
talking to,1.738354397445987,9,1
harmless but,1.738354397445987,9,1
guaranteed cure,1.738354397445987,9,1
not help,1.738354397445987,9,1
rely,1.7311028390593022,24,12
financial,1.7286928316985,34,21
have no,1.7181005818541508,19,8
that claim,1.7181005818541508,19,8
water is,1.7135757712048698,38,25
it's worth,1.7129048205418027,15,5
would not,1.7129048205418027,15,5
deficit,1.7129048205418027,15,5
and may,1.7096790465430505,81,70
harmful,1.707788524741983,41,28
mean,1.706753696287687,48,35
is better,1.7056217553337634,46,33
call,1.7054399627702788,45,32
be misleading,1.7007840806441046,12,3
doesn't affect,1.7007840806441046,12,3
by evidence,1.7007840806441046,12,3
frequent oil,1.7007840806441046,12,3
before paying,1.7007840806441046,12,3
arthritis,1.6946545655815797,20,9
change,1.6893964636181844,102,94
lawyer,1.6761291705893506,16,6
interview,1.6761291705893506,16,6
yourself,1.6761291705893506,16,6
real,1.6743123219561253,73,62
even if,1.6690271154470033,30,18
replace,1.665629296270134,57,45
treatment,1.6651468572077999,81,71
opinion,1.6573864821040816,22,11
the water,1.6573864821040816,22,11
delay,1.6573864821040816,22,11
it's better,1.6573864821040816,22,11
put,1.6498349589302772,10,2
i'd check,1.6498349589302772,10,2
benefits but,1.6498349589302772,10,2
helps you,1.6498349589302772,10,2
barrier,1.6498349589302772,10,2
are still,1.6498349589302772,10,2
it would,1.6498349589302772,10,2
be unnecessary,1.647478575101647,13,4
valid,1.647478575101647,13,4
relaxation,1.647478575101647,13,4
not true,1.647478575101647,13,4
too often,1.647478575101647,13,4
systems are,1.647478575101647,13,4
but some,1.6425948146326534,23,12
can have,1.6425948146326534,23,12
use it,1.6425948146326534,23,12
carefully,1.6199682200978454,18,8
reading,1.618935145621362,25,14
it doesn't,1.6068730411516674,56,45
understand,1.6047999662886605,14,5
is risky,1.6047999662886605,14,5
feels,1.6047999662886605,14,5
prices,1.6015112169720171,27,16
worse,1.5984310189714281,19,9
can irritate,1.5984310189714281,19,9
is generally,1.5909435653281734,51,40
everyone,1.5888648491941466,29,18
outcomes,1.5839954912237133,30,19
it you,1.5832907781217742,11,3
you enjoy,1.5832907781217742,11,3
be good,1.5832907781217742,11,3
cards,1.5832907781217742,11,3
watch,1.5802385564141666,20,10
overnight,1.579953702862002,31,20
will not,1.5701929530657888,15,6
you're concerned,1.5701929530657888,15,6
influenced,1.5701929530657888,15,6
remember,1.5701929530657888,15,6
not need,1.5648373722636286,21,11
ensure,1.5648373722636286,21,11
required,1.5639579154808099,59,49
possible,1.5639579154808099,59,49
on your,1.5549180937574032,68,59
chance,1.5418578387832278,16,7
budget,1.5418578387832278,16,7
can make,1.540742276501289,23,13
prepare,1.5320461849773326,12,4
fear,1.5320461849773326,12,4
helps with,1.5320461849773326,12,4
the plant,1.5320461849773326,12,4
is dangerous,1.5320461849773326,12,4
the wrong,1.5320461849773326,12,4
be dangerous,1.5320461849773326,12,4
than necessary,1.5320461849773326,12,4
not guarantee,1.531411124227607,24,14
will,1.5298313843146654,107,104
evidence shows,1.5237166853785467,9,2
save money,1.5237166853785467,9,2
isn't the,1.5237166853785467,9,2
evidence doesn't,1.5237166853785467,9,2
meant,1.5237166853785467,9,2
gave,1.5237166853785467,9,2
indicate microwave,1.5237166853785467,9,2
that might,1.5237166853785467,9,2
not good,1.5237166853785467,9,2
speak,1.5237166853785467,9,2
not work,1.5237166853785467,9,2
no they,1.5237166853785467,9,2
better for,1.5235614082773925,25,15
that's common,1.499129371067551,18,9
toxins,1.4968874420835656,37,27
get second,1.4918433492347938,13,5
time to,1.4918433492347938,13,5
much,1.484286306759472,87,82
is also,1.4830385773146815,19,10
medications,1.4830385773146815,19,10
damage,1.4807767351036618,137,141
lead,1.4787870166122656,52,43
too much,1.4696552664308922,20,11
needs,1.4660111882053737,49,40
mood,1.4598618989951466,14,6
using it,1.4598618989951466,14,6
odds,1.4589983962820126,10,3
or cure,1.4589983962820126,10,3
make you,1.4589983962820126,10,3
inaccurate,1.4589983962820126,10,3
it that's,1.4589983962820126,10,3
can soothe,1.4589983962820126,10,3
generally safe,1.458536997618373,21,12
fail,1.458536997618373,21,12
wait,1.4417564284608189,23,14
if the,1.4357680974032705,130,134
completely,1.4355797136494768,24,15
oil changes,1.4341644861618443,15,7
gently,1.4341644861618443,15,7
can worsen,1.4341644861618443,15,7
no,1.4291719529857578,622,763
problems,1.4208232975432058,34,25
her,1.4133771183120611,16,8
belief,1.4133771183120611,16,8
it's fine,1.4133771183120611,16,8
side effects,1.4133771183120611,16,8
expectations,1.4133771183120611,16,8
boost,1.4133771183120611,16,8
fat loss,1.4133771183120611,16,8
second opinion,1.4133771183120611,16,8
practice but,1.4105253849068287,11,4
success,1.4105253849068287,11,4
fix the,1.4105253849068287,11,4
following the,1.4105253849068287,11,4
the problem,1.4105253849068287,11,4
should still,1.4105253849068287,11,4
not kill,1.4105253849068287,11,4
expectation,1.4105253849068287,11,4
what you,1.4105253849068287,11,4
help some,1.3964981477271343,17,9
doesn't mean,1.3964981477271343,17,9
stomach upset,1.388659027842635,8,2
wasting,1.388659027842635,8,2
photos can,1.388659027842635,8,2
and safe,1.388659027842635,8,2
save you,1.388659027842635,8,2
selective,1.388659027842635,8,2
relief but,1.388659027842635,8,2
dispute,1.388659027842635,8,2
market,1.3840759799678346,44,36
dog,1.382779873338652,18,10
manual's,1.382779873338652,18,10
proper,1.3795681847232162,63,57
usually,1.3767859735451495,212,237
do not,1.3756084720857369,116,119
heal,1.373443687705857,12,5
learn,1.373443687705857,12,5
it cannot,1.373443687705857,12,5
instead of,1.373443687705857,12,5
properties but,1.373443687705857,12,5
delaying,1.373443687705857,12,5
cures,1.3716526224006231,19,11
it's often,1.3716526224006231,19,11
verify,1.3713099544414509,41,33
always,1.3687654402736846,115,118
choose,1.3626745705896708,20,12
return,1.3554976687043845,21,13
own,1.3549125901635344,50,43
rest,1.350010938371151,35,27
the actual,1.345488679141131,23,15
helpful,1.345488679141131,23,15
substitute for,1.345488679141131,23,15
doesn't make,1.3446518101224312,13,6
anything,1.3446518101224312,13,6
drink,1.3446518101224312,13,6
decisions,1.3446518101224312,13,6
influenced by,1.3446518101224312,13,6
is best,1.3446518101224312,13,6
option,1.3446518101224312,13,6
already,1.3406903020837566,31,23
value,1.3406903020837566,31,23
offer,1.3382512746556343,29,21
effect on,1.3378214202122194,27,19
know the,1.3267714637833727,9,3
best for,1.3267714637833727,9,3
first and,1.3267714637833727,9,3
nothing,1.3267714637833727,9,3
be risky,1.3267714637833727,9,3
frequent than,1.3267714637833727,9,3
have some,1.3267714637833727,9,3
trigger,1.3267714637833727,9,3
evaluate,1.3220786348544231,14,7
remove toxins,1.3220786348544231,14,7
manage,1.3220786348544231,14,7
your engine,1.3220786348544231,14,7
destroy,1.3220786348544231,14,7
bank,1.3220786348544231,14,7
say,1.3101408535762447,60,55
you are,1.3042883970055397,15,8
best to,1.3042883970055397,15,8
random,1.3042883970055397,15,8
passport,1.3042883970055397,15,8
checking your,1.3042883970055397,15,8
guarantees,1.3042883970055397,15,8
follow,1.3034091962087218,59,54
works,1.296660505246247,58,53
cannot,1.296660505246247,58,53
amount,1.2920106263873192,49,43
it's safer,1.290253953743421,16,9
is unlikely,1.290253953743421,16,9
not all,1.2876895959836496,37,30
might have,1.2820242160291033,10,4
she,1.2820242160291033,10,4
and won't,1.2820242160291033,10,4
not medical,1.2820242160291033,10,4
that advice,1.2820242160291033,10,4
so you,1.2820242160291033,10,4
you get,1.2820242160291033,10,4
generally fine,1.2820242160291033,10,4
with doctor,1.2820242160291033,10,4
healthcare,1.2820242160291033,10,4
you're,1.276833103571293,97,99
influence,1.2706213886472963,18,11
concerned,1.2706213886472963,18,11
is from,1.2640214493939874,19,12
evidence of,1.2640214493939874,19,12
handle,1.2640214493939874,19,12
scientific evidence,1.2557865180622902,28,21
extra,1.2557865180622902,28,21
future,1.2555350727795338,21,14
making,1.2555350727795338,21,14
actual,1.2527252049663788,59,55
make the,1.25179963804669,23,16
not substitute,1.251294106094328,24,17
having,1.2488932399342678,11,5
be the,1.2488932399342678,11,5
change is,1.2488932399342678,11,5
habit,1.2488932399342678,11,5
encourage,1.2488932399342678,11,5
be enough,1.2488932399342678,11,5
modestly,1.2488932399342678,11,5
lock,1.2488932399342678,11,5
it reduces,1.2488932399342678,11,5
harm,1.2373466503084607,40,34
its own,1.2239934579715628,12,6
fine if,1.2239934579715628,12,6
pests,1.2239934579715628,12,6
buying,1.2239934579715628,12,6
dermatologist,1.2239934579715628,12,6
spot,1.2239934579715628,12,6
not harmful,1.2239934579715628,12,6
for some,1.2145316582532886,36,30
stay,1.205136063616042,13,7
doctor if,1.205136063616042,13,7
reasons,1.205136063616042,13,7
can actually,1.205136063616042,13,7
not always,1.2024961064806456,59,56
personal,1.1985565043244983,33,27
scientific,1.194151699113869,51,47
to,1.191733632488976,1267,1646
vinegar can,1.1908422065056417,14,8
measurable,1.1908422065056417,14,8
skipping,1.1908422065056417,14,8
out,1.1870981165214203,57,54
sooner,1.1851544531225162,8,3
to cure,1.1851544531225162,8,3
despite,1.1851544531225162,8,3
alone may,1.1851544531225162,8,3
an estimate,1.1851544531225162,8,3
safer and,1.1851544531225162,8,3
it persists,1.1851544531225162,8,3
the research,1.1851544531225162,8,3
review the,1.1851544531225162,8,3
even with,1.1851544531225162,8,3
is actually,1.1851544531225162,8,3
necessary and,1.1851544531225162,8,3
and be,1.1851544531225162,8,3
avoid it,1.1851544531225162,8,3
can try,1.1851544531225162,8,3
tips,1.1851544531225162,8,3
is different,1.1851544531225162,8,3
his,1.184052967004583,30,24
incorrect,1.180076000272126,15,9
antibiotics,1.180076000272126,15,9
it helps,1.180076000272126,15,9
wastes,1.180076000272126,15,9
safely,1.1720897546558935,16,10
he,1.1720897546558935,16,10
your body,1.1720897546558935,16,10
create,1.1717107955311676,27,21
substitute,1.1717107955311676,27,21
should,1.1711527650071256,161,181
overnight charging,1.1663300074101632,17,11
contract,1.1651898833044505,25,19
it but,1.1623781741588914,18,12
skills,1.1623781741588914,18,12
moving,1.1623781741588914,18,12
to use,1.1623781741588914,18,12
and your,1.1605586834052823,23,17
safe and,1.1605586834052823,23,17
treatments,1.1599117724979406,19,13
emergency,1.1591478548164713,22,16
black,1.158477411563436,21,15
you've,1.1454357618272886,9,4
course,1.1454357618272886,9,4
sign of,1.1454357618272886,9,4
doses can,1.1454357618272886,9,4
can take,1.1454357618272886,9,4
usually better,1.1454357618272886,9,4
vaccination,1.1454357618272886,9,4
water does,1.1454357618272886,9,4
fiber and,1.1454357618272886,9,4
expense,1.1454357618272886,9,4
are safer,1.1454357618272886,9,4
keep it,1.1454357618272886,9,4
hold,1.1454357618272886,9,4
not mean,1.1454357618272886,9,4
do that,1.1454357618272886,9,4
pay,1.1403017575090941,35,30
outdated,1.1403017575090941,35,30
plants,1.1273508242287744,33,28
likely,1.1234906954342814,114,124
longer,1.1210258001308757,72,73
there's,1.1198786522253636,96,102
your vet,1.1173357075080463,10,5
test the,1.1173357075080463,10,5
the temperature,1.1173357075080463,10,5
many cars,1.1173357075080463,10,5
bias,1.1173357075080463,10,5
oil may,1.1173357075080463,10,5
safe that's,1.1173357075080463,10,5
the recommended,1.11477400212455,31,26
two,1.1032827517872876,39,35
common myth,1.0972119442494648,11,6
be based,1.0972119442494648,11,6
outcome,1.0972119442494648,11,6
to help,1.0972119442494648,11,6
may work,1.0972119442494648,11,6
you notice,1.0972119442494648,11,6
the manual's,1.0972119442494648,11,6
force,1.0972119442494648,11,6
week,1.0969111300942067,28,23
at least,1.0956123924583703,38,34
hours is,1.0948109366655483,58,57
is good,1.0859502283524507,26,21
that it,1.0827953762184095,12,7
some but,1.0827953762184095,12,7
tiny,1.0827953762184095,12,7
brown,1.0827953762184095,12,7
juice,1.0760649699858231,24,19
phones,1.0760649699858231,24,19
wrap is,1.0725972599449904,13,8
entirely,1.0725972599449904,13,8
scan,1.0725972599449904,13,8
gentle,1.0725972599449904,13,8
the benefit,1.0725972599449904,13,8
persists,1.0716434819677647,23,18
pads,1.0716434819677647,23,18
the amount,1.0655994532728712,14,9
contact your,1.0655994532728712,14,9
slightly but,1.0655994532728712,14,9
safe to,1.0655994532728712,14,9
prediction,1.0655994532728712,14,9
you use,1.0655994532728712,14,9
harmless,1.0641647266154994,21,16
cleaner,1.0641647266154994,21,16
irritation,1.0641647266154994,21,16
is myth,1.061278504932378,20,15
step,1.061278504932378,20,15
extremely,1.0585198740524073,16,11
misleading,1.0585198740524073,16,11
still be,1.0585198740524073,16,11
melt,1.0577961121998625,18,13
watering,1.0575236119582652,17,12
modern phones,1.0575236119582652,17,12
pain,1.0516937409608318,64,65
and can,1.0405774510011596,91,98
good,1.0391428063842159,187,219
is safe,1.0336060299117162,45,43
and not,1.0329504394798723,51,50
it's possible,1.032240308029515,7,3
let the,1.032240308029515,7,3
skills and,1.032240308029515,7,3
eliminating,1.032240308029515,7,3
costly,1.032240308029515,7,3
usually more,1.032240308029515,7,3
low and,1.032240308029515,7,3
scammers,1.032240308029515,7,3
because you,1.032240308029515,7,3
better that's,1.032240308029515,7,3
no legitimate,1.032240308029515,7,3
be part,1.032240308029515,7,3
the law,1.032240308029515,7,3
anecdotes,1.032240308029515,7,3
connect,1.032240308029515,7,3
tested and,1.032240308029515,7,3
not scientifically,1.032240308029515,7,3
you prefer,1.032240308029515,7,3
facial,1.032240308029515,7,3
moisturize,1.032240308029515,7,3
need new,1.032240308029515,7,3
that way,1.032240308029515,7,3
heavily soiled,1.032240308029515,7,3
than you,1.032240308029515,7,3
warmth,1.032240308029515,7,3
first step,1.032240308029515,7,3
sure it's,1.032240308029515,7,3
they're not,1.032240308029515,7,3
important to,1.032240308029515,7,3
least,1.0319253078913848,38,35
safe for,1.0272346244668122,29,25
that can,1.0272346244668122,29,25
excessive,1.0272346244668122,29,25
redundant,1.0198679762481084,28,24
no scientific,1.0198679762481084,28,24
remove,1.0159571450988147,70,73
labels don't,1.0125965389133413,27,23
supported,1.0094504813575234,74,78
toxins or,0.999364403274947,8,4
uncomfortable,0.999364403274947,8,4
sore,0.999364403274947,8,4
nice,0.999364403274947,8,4
better but,0.999364403274947,8,4
one can,0.999364403274947,8,4
the roots,0.999364403274947,8,4
decide,0.999364403274947,8,4
refund,0.999364403274947,8,4
right to,0.999364403274947,8,4
in water,0.999364403274947,8,4
more expensive,0.999364403274947,8,4
reviews and,0.999364403274947,8,4
looking,0.999364403274947,8,4
stone,0.999364403274947,8,4
cancel,0.999364403274947,8,4
living,0.999364403274947,8,4
least minutes,0.999364403274947,8,4
buy,0.999364403274947,8,4
can create,0.999364403274947,8,4
costs,0.9984259314313942,25,21
to avoid,0.9972398559135538,34,31
calorie,0.988479848720081,33,30
overkill,0.988479848720081,33,30
places,0.9849394895936358,23,19
supported by,0.9785666140494054,39,37
sell,0.9777226009432124,9,5
soiled,0.9777226009432124,9,5
misconception,0.9777226009432124,9,5
missing,0.9777226009432124,9,5
recommend checking,0.9777226009432124,9,5
could also,0.9777226009432124,9,5
vague,0.9777226009432124,9,5
colors,0.9777226009432124,9,5
just the,0.9777226009432124,9,5
message,0.9777226009432124,9,5
fade,0.9777226009432124,9,5
protects,0.9777226009432124,9,5
clothes,0.9777226009432124,9,5
weak and,0.9777226009432124,9,5
stick,0.9777226009432124,9,5
eliminate,0.9777226009432124,9,5
and keep,0.9777226009432124,9,5
beneficial,0.9724481625016137,21,17
second,0.9724481625016137,21,17
people but,0.9724481625016137,21,17
due,0.9694540059191489,83,90
face,0.9634996111857979,10,6
stains but,0.9634996111857979,10,6
it if,0.9634996111857979,10,6
spend,0.9634996111857979,10,6
it with,0.9634996111857979,10,6
skip,0.9634996111857979,10,6
your own,0.9620412705536089,30,27
evidence it,0.9566413869233064,18,14
for everyone,0.9566413869233064,18,14
can work,0.9566413869233064,18,14
it's generally,0.9544204690485218,11,7
confirmation,0.9544204690485218,11,7
work but,0.9544204690485218,11,7
rise,0.9544204690485218,11,7
continue,0.9544204690485218,11,7
resume,0.9544204690485218,11,7
on that,0.9544204690485218,11,7
decline,0.9544204690485218,11,7
to pay,0.9544204690485218,11,7
are better,0.9525243281455307,17,13
buildup,0.9525243281455307,17,13
natural,0.9492118404471732,16,12
damage the,0.9492118404471732,16,12
fast,0.9490428082719263,12,8
unrealistic,0.9490428082719263,12,8
strategy,0.9490428082719263,12,8
not remove,0.9490428082719263,12,8
acceptable,0.9490428082719263,12,8
lost,0.9469011368269246,15,11
result,0.9469011368269246,15,11
reliably,0.9469011368269246,15,11
need for,0.9464072998177444,13,9
on its,0.9464072998177444,13,9
switch,0.9464072998177444,13,9
be useful,0.9464072998177444,13,9
for an,0.9464072998177444,13,9
shorten,0.9458509796213018,14,10
serious,0.9443370859174027,28,25
kill,0.9403392120273932,35,33
some people,0.9382592181042622,52,53
all,0.9363946051362795,159,187
are redundant,0.9354836785645384,27,24
important,0.9281894153406707,51,52
temporary,0.9207971188622379,45,45
legal,0.9174676165705266,39,38
hot,0.9071990178898754,38,37
job,0.9007992498405676,31,29
to your,0.8968166724657618,37,36
until,0.891708507967863,22,19
they do,0.8748167677798394,20,17
it's common,0.8748167677798394,20,17
is outdated,0.8748167677798394,20,17
it depends,0.8653527731246484,45,46
basic,0.851078536135916,17,14
lemon,0.851078536135916,17,14
collagen,0.8438630164390467,16,13
interval is,0.8438630164390467,16,13
way,0.8433855877024637,43,44
beneficial for,0.8420184736747935,7,4
not completely,0.8420184736747935,7,4
how you,0.8420184736747935,7,4
idea is,0.8420184736747935,7,4
wastes fuel,0.8420184736747935,7,4
for different,0.8420184736747935,7,4
it's useful,0.8420184736747935,7,4
if done,0.8420184736747935,7,4
apple cider,0.8420184736747935,7,4
your symptoms,0.8420184736747935,7,4
yellow,0.8420184736747935,7,4
often better,0.8420184736747935,7,4
not because,0.8420184736747935,7,4
to discuss,0.8420184736747935,7,4
clarify,0.8420184736747935,7,4
guideline not,0.8420184736747935,7,4
plenty,0.8420184736747935,7,4
only if,0.8420184736747935,7,4
tight,0.8420184736747935,7,4
cider vinegar,0.8420184736747935,7,4
cider,0.8420184736747935,7,4
may leave,0.8420184736747935,7,4
but for,0.8371684831520755,15,12
differ,0.8371684831520755,15,12
cooling combining,0.831913037612391,31,30
is still,0.831913037612391,31,30
should not,0.8311476939500502,14,11
lot,0.8311476939500502,14,11
cool water,0.8287528970635791,8,5
in moderation,0.8287528970635791,8,5
hit,0.8287528970635791,8,5
microwaved,0.8287528970635791,8,5
filing,0.8287528970635791,8,5
amounts of,0.8287528970635791,8,5
more often,0.8287528970635791,8,5
only when,0.8287528970635791,8,5
probably,0.8287528970635791,8,5
possible but,0.8287528970635791,8,5
enough for,0.8287528970635791,8,5
ensure the,0.8287528970635791,8,5
nutritious,0.8287528970635791,8,5
be accurate,0.8287528970635791,8,5
is unrealistic,0.8287528970635791,8,5
can't confirm,0.8287528970635791,8,5
to check,0.828394892748575,24,22
to confirm,0.8260051880494438,13,10
evidence does,0.8260051880494438,13,10
place,0.8260051880494438,13,10
reflect,0.8260051880494438,13,10
provider,0.8260051880494438,13,10
shown to,0.8260051880494438,13,10
is just,0.8260051880494438,13,10
are separate,0.8260051880494438,13,10
scratch,0.8260051880494438,13,10
what,0.8254906506644833,51,54
reverse,0.8220203408424608,12,9
can leave,0.8220203408424608,12,9
urine,0.8220203408424608,12,9
be fine,0.8220203408424608,12,9
digestive,0.8220203408424608,12,9
it's harmless,0.8220203408424608,12,9
the underlying,0.8220203408424608,12,9
salicylic,0.8218800280805089,9,6
cash,0.8218800280805089,9,6
battery health,0.8218800280805089,9,6
detoxification,0.8218800280805089,9,6
change the,0.8218800280805089,9,6
good for,0.8218800280805089,9,6
honey can,0.8218800280805089,9,6
bill,0.8218800280805089,9,6
to start,0.8218800280805089,9,6
theft,0.8218800280805089,9,6
before you,0.8218800280805089,9,6
lemon juice,0.8218800280805089,9,6
it and,0.8218800280805089,9,6
salicylic acid,0.8218800280805089,9,6
can change,0.8218800280805089,9,6
risks,0.8206195697258502,30,29
and see,0.8195838664979452,11,8
days is,0.8195838664979452,11,8
overstated,0.8195838664979452,11,8
recognized,0.8195838664979452,11,8
no proven,0.8195838664979452,11,8
keep the,0.8195838664979452,11,8
absorb,0.8195838664979452,11,8
or your,0.8195838664979452,11,8
discharges,0.8192579401474037,10,7
vomiting,0.8192579401474037,10,7
carry,0.8192579401474037,10,7
can save,0.8192579401474037,10,7
passive,0.8192579401474037,10,7
offers,0.8192579401474037,10,7
heart disease,0.8192579401474037,10,7
gold,0.8192579401474037,10,7
great,0.8192579401474037,10,7
remove the,0.8192579401474037,10,7
doubling,0.8192579401474037,10,7
relationships,0.8192579401474037,10,7
it often,0.8192579401474037,10,7
honey is,0.8192579401474037,10,7
not change,0.8192579401474037,10,7
spark,0.8192579401474037,10,7
not permanent,0.8192579401474037,10,7
not fixed,0.8192579401474037,10,7
microwave-safe plastic,0.8192579401474037,10,7
things,0.8192579401474037,10,7
advise against,0.8177429150451474,23,21
energy,0.8105287056612247,45,47
go,0.8091768356598045,29,28
evidence,0.8090266985615706,320,404
helps,0.8088997719337135,54,58
wax,0.8070278854928579,22,20
avoid,0.8010032240563012,70,78
repair,0.8003167487086356,34,34
is likely,0.7975792955053621,28,27
permanent,0.7975792955053621,28,27
anxiety,0.7962589760522238,21,19
it as,0.7854483455193112,20,18
it will,0.7854483455193112,20,18
fact,0.7854483455193112,20,18
email,0.7854483455193112,20,18
demand,0.7854483455193112,20,18
causes,0.7828817514581983,56,61
to be,0.7799863313451034,47,50
doesn't add,0.7764098348841532,32,32
off,0.7755092192988166,42,44
frequent,0.7748885792787193,51,55
cool,0.7738291946064499,37,38
water,0.7727250183388297,284,358
them doesn't,0.7641765061992724,31,31
add benefit,0.7641765061992724,31,31
by cooling,0.7641765061992724,31,31
alkaline,0.7637713186383301,18,16
indicate,0.7617981942150601,25,24
laws,0.7529542077410885,17,15
check with,0.7529542077410885,17,15
apps,0.7529542077410885,17,15
toothpaste,0.7495203532899282,24,23
dogs,0.7495203532899282,24,23
whole,0.7492437145633412,35,36
changes,0.7444193720832212,80,92
negligible,0.7421980616753681,16,14
sign,0.7421980616753681,16,14
is important,0.7421980616753681,16,14
advise,0.7389375890187718,39,41
stains,0.7370557606640896,23,22
raise,0.7315528996255123,15,13
because of,0.7315528996255123,15,13
aloe,0.7315528996255123,15,13
the number,0.7262434660479298,28,28
fat,0.7247714063180718,51,56
label,0.7247305656245498,140,170
automatically,0.7243972407553412,22,21
cover,0.7243972407553412,22,21
charging is,0.7210863862883146,14,12
and use,0.7210863862883146,14,12
claims are,0.7210863862883146,14,12
move,0.7210863862883146,14,12
the soil,0.7210863862883146,14,12
investment,0.7210863862883146,14,12
situation,0.7210863862883146,14,12
check your,0.7204056837656666,85,99
not cure,0.7194997004591467,42,45
recommended,0.7158612097762977,109,130
your local,0.7131516649543899,27,27
due to,0.7125146211776513,77,89
to replace,0.7108912114169424,13,11
smaller,0.7108912114169424,13,11
positive,0.7108912114169424,13,11
the cause,0.7108912114169424,13,11
professional,0.7026848208120448,45,49
your car,0.7010963528004193,12,10
block,0.7010963528004193,12,10
for every,0.7010963528004193,12,10
card,0.6998153888797591,26,26
evidence-based,0.6998153888797591,26,26
the body,0.6984689271651646,20,19
combining them,0.6975507483493547,31,32
aren't,0.6918848039335262,11,9
replace it,0.6918848039335262,11,9
proof,0.6918848039335262,11,9
eat,0.6918848039335262,11,9
risk but,0.6918848039335262,11,9
slowly,0.6918848039335262,11,9
waiting,0.6835225088171265,10,8
walls,0.6835225088171265,10,8
microwave safety,0.6835225088171265,10,8
thick,0.6835225088171265,10,8
but do,0.6835225088171265,10,8
often recommended,0.6835225088171265,10,8
weekly,0.6835225088171265,10,8
the old,0.6835225088171265,10,8
timeline,0.6835225088171265,10,8
be very,0.6835225088171265,10,8
fabrics,0.6835225088171265,10,8
most modern,0.6835225088171265,10,8
remover,0.6835225088171265,10,8
target,0.6835225088171265,10,8
are not,0.6788236281459423,95,113
cooling,0.6771918200314262,43,47
balanced diet,0.6764076852308397,9,7
the entire,0.6764076852308397,9,7
spots,0.6764076852308397,9,7
assume,0.6764076852308397,9,7
oil has,0.6764076852308397,9,7
compress works,0.6764076852308397,9,7
the microwave,0.6764076852308397,9,7
be helpful,0.6764076852308397,9,7
not make,0.6764076852308397,9,7
or if,0.6764076852308397,9,7
food-safe,0.6764076852308397,9,7
court,0.6764076852308397,9,7
moderation,0.6764076852308397,9,7
crack,0.6764076852308397,9,7
are tested,0.6764076852308397,9,7
verified,0.6764076852308397,9,7
if there,0.6764076852308397,9,7
toothpaste is,0.6764076852308397,9,7
when they,0.6764076852308397,9,7
help with,0.6739232871494818,34,36
guideline,0.6723509568058681,24,24
illness,0.6711594672373036,8,6
generally not,0.6711594672373036,8,6
infection risk,0.6711594672373036,8,6
leads,0.6711594672373036,8,6
in an,0.6711594672373036,8,6
against it,0.6711594672373036,8,6
good choice,0.6711594672373036,8,6
monitoring,0.6711594672373036,8,6
miles check,0.6711594672373036,8,6
remove surface,0.6711594672373036,8,6
goals,0.6711594672373036,8,6
position,0.6711594672373036,8,6
that's accurate,0.6711594672373036,8,6
determined,0.6711594672373036,8,6
an independent,0.6711594672373036,8,6
cancer the,0.6711594672373036,8,6
shrink,0.6711594672373036,8,6
cleaning is,0.6710498608141414,6,4
modern lithium-ion,0.6710498608141414,6,4
preparation,0.6710498608141414,6,4
speculative,0.6710498608141414,6,4
inspection is,0.6710498608141414,6,4
instant,0.6710498608141414,6,4
consult doctor,0.6710498608141414,6,4
longevity,0.6710498608141414,6,4
understood,0.6710498608141414,6,4
by research,0.6710498608141414,6,4
genuine,0.6710498608141414,6,4
helps if,0.6710498608141414,6,4
cause cancer,0.6710498608141414,6,4
ineffective,0.6710498608141414,6,4
knowledge,0.6710498608141414,6,4
disrupt,0.6710498608141414,6,4
is lower,0.6710498608141414,6,4
is clear,0.6710498608141414,6,4
interest and,0.6710498608141414,6,4
rhythm,0.6710498608141414,6,4
guideline but,0.6710498608141414,6,4
peroxide or,0.6710498608141414,6,4
portfolio,0.6710498608141414,6,4
dentist,0.6710498608141414,6,4
people find,0.6710498608141414,6,4
movements,0.6710498608141414,6,4
not improve,0.6710498608141414,6,4
as you,0.6710498608141414,6,4
bleach can,0.6710498608141414,6,4
side,0.670258412198945,29,30
you would,0.6687880405794033,7,5
accurate for,0.6687880405794033,7,5
ignore,0.6687880405794033,7,5
unusual,0.6687880405794033,7,5
can feel,0.6687880405794033,7,5
doesn't support,0.6687880405794033,7,5
efficient,0.6687880405794033,7,5
putting,0.6687880405794033,7,5
and make,0.6687880405794033,7,5
many are,0.6687880405794033,7,5
vent,0.6687880405794033,7,5
pharmacist,0.6687880405794033,7,5
meaning,0.6687880405794033,7,5
exam,0.6687880405794033,7,5
pediatrician,0.6687880405794033,7,5
replacing,0.667666229779019,38,41
prevent,0.663738527070607,54,61
new,0.6602173596036748,33,35
problem,0.65818975865625,23,23
water can,0.6579389972123527,17,16
are safe,0.6579389972123527,17,16
issues,0.6496378171959327,45,50
communication,0.6439664083989813,16,15
enamel,0.6439664083989813,16,15
dose,0.6437175340505038,22,22
account,0.6437175340505038,22,22
nutrients,0.6418488384391545,27,28
documents,0.629755244925171,15,14
tracking,0.629755244925171,15,14
the skin,0.629755244925171,15,14
high doses,0.629755244925171,15,14
relationship,0.6289128117883912,21,21
returns,0.6289128117883912,21,21
hot water,0.6153050960547384,14,13
fatigue,0.6153050960547384,14,13
month,0.6153050960547384,14,13
benefit is,0.6153050960547384,14,13
relying,0.6153050960547384,14,13
been shown,0.6153050960547384,14,13
fish,0.6137515311134061,20,20
monthly,0.6137515311134061,20,20
useful,0.6121044873448322,34,37
cars,0.6097200382152935,38,42
burn,0.6025969345236677,29,31
from your,0.6006205043509878,13,12
bread,0.6006205043509878,13,12
persist,0.6006205043509878,13,12
something,0.6006205043509878,13,12
amount of,0.6006205043509878,13,12
your score,0.6006205043509878,13,12
stomach,0.5982065821796159,19,19
not the,0.5949196727196515,56,65
is very,0.5874062164408412,28,30
appropriate,0.5857139445396428,12,11
hiccups,0.5857139445396428,12,11
temporarily but,0.5857139445396428,12,11
not automatically,0.5857139445396428,12,11
many places,0.5857139445396428,12,11
twice,0.5857139445396428,12,11
fire,0.5857139445396428,12,11
and time,0.5857139445396428,12,11
not been,0.5857139445396428,12,11
the whole,0.5857139445396428,12,11
relying on,0.5857139445396428,12,11
to remove,0.5857139445396428,12,11
both work,0.5822472360346636,18,18
fix,0.581475061860301,40,45
check for,0.5810621508127908,23,24
contains,0.5810621508127908,23,24
hydration,0.5810621508127908,23,24
wash,0.5706106809930199,11,10
applications,0.5706106809930199,11,10
cannot be,0.5706106809930199,11,10
sales,0.5706106809930199,11,10
allergies,0.5706106809930199,11,10
read the,0.5706106809930199,11,10
oxygen,0.5706106809930199,11,10
clinical evidence,0.5706106809930199,11,10
unnecessary and,0.5706106809930199,11,10
it's usually,0.5706106809930199,11,10
readings,0.5706106809930199,11,10
not strong,0.5706106809930199,11,10
safe but,0.5706106809930199,11,10
is possible,0.5706106809930199,11,10
for many,0.5674847613297443,31,34
keeping,0.5648961403587079,22,23
needed,0.5572385649921571,67,80
depend on,0.5559351361046052,26,28
residue,0.5559351361046052,26,28
last years,0.5553569217193143,10,9
usually sufficient,0.5553569217193143,10,9
the contract,0.5553569217193143,10,9
teas,0.5553569217193143,10,9
soda and,0.5553569217193143,10,9
useful for,0.5553569217193143,10,9
itself,0.5519608762262601,30,33
rather,0.5511677499295732,34,38
rather than,0.5511677499295732,34,38
deduct,0.5489398594328766,16,16
password,0.5482808649234409,21,22
but there,0.5482808649234409,21,22
evidence that,0.5447572479189944,76,92
it works,0.5400340079852534,9,8
is reasonable,0.5400340079852534,9,8
pot,0.5400340079852534,9,8
for children,0.5400340079852534,9,8
aloe vera,0.5400340079852534,9,8
four,0.5400340079852534,9,8
verify the,0.5400340079852534,9,8
vera,0.5400340079852534,9,8
if possible,0.5400340079852534,9,8
bacterial,0.5400340079852534,9,8
unless the,0.5400340079852534,9,8
first aid,0.5400340079852534,9,8
colour,0.5400340079852534,9,8
battery life,0.5400340079852534,9,8
goal,0.5400340079852534,9,8
years is,0.5400340079852534,9,8
have been,0.5396033623122941,25,27
other,0.5391707762866023,123,154
overall,0.5357786283561916,33,37
can sometimes,0.5315048125223737,15,15
pregnancy,0.5315048125223737,15,15
it for,0.5315048125223737,15,15
immediately,0.5311782016151286,20,21
frequent changes,0.5247842404874593,8,7
and should,0.5247842404874593,8,7
taxes,0.5247842404874593,8,7
sunburn,0.5247842404874593,8,7
soil is,0.5247842404874593,8,7
slower,0.5247842404874593,8,7
determine,0.5247842404874593,8,7
paid,0.5247842404874593,8,7
leave residue,0.5247842404874593,8,7
scalp,0.5247842404874593,8,7
wheel,0.5247842404874593,8,7
giving,0.5247842404874593,8,7
you more,0.5247842404874593,8,7
is excessive,0.5247842404874593,8,7
risk and,0.5247842404874593,8,7
traction,0.5247842404874593,8,7
income,0.5228347598457687,24,26
improvement,0.5228347598457687,24,26
injury,0.5198116747456166,28,31
reason,0.5198116747456166,28,31
aid,0.5135444874903897,19,20
olive oil,0.5134786441604641,14,14
takes,0.5134786441604641,14,14
metabolism,0.5134786441604641,14,14
following,0.5134786441604641,14,14
loss,0.5129564591796395,83,102
that will,0.5098606198133118,7,6
ongoing,0.5098606198133118,7,6
warm-up,0.5098606198133118,7,6
the safe,0.5098606198133118,7,6
skin and,0.5098606198133118,7,6
simply,0.5098606198133118,7,6
instantly,0.5098606198133118,7,6
few weeks,0.5098606198133118,7,6
bugs,0.5098606198133118,7,6
to say,0.5098606198133118,7,6
out of,0.5098606198133118,7,6
fine the,0.5098606198133118,7,6
an official,0.5098606198133118,7,6
too short,0.5098606198133118,7,6
shared,0.5098606198133118,7,6
laundry,0.5098606198133118,7,6
only the,0.5098606198133118,7,6
important for,0.5098606198133118,7,6
half,0.5098606198133118,7,6
recover,0.5098606198133118,7,6
deficient,0.5098606198133118,7,6
amounts,0.5039752721944718,31,35
fees,0.5031367825700298,27,30
is more,0.49979941797869154,69,84
and increase,0.4957298674568406,6,5
app's,0.4957298674568406,6,5
appearance,0.4957298674568406,6,5
uniquely,0.4957298674568406,6,5
plastics are,0.4957298674568406,6,5
doesn't need,0.4957298674568406,6,5
cooking method,0.4957298674568406,6,5
life varies,0.4957298674568406,6,5
an average,0.4957298674568406,6,5
many countries,0.4957298674568406,6,5
convenient,0.4957298674568406,6,5
no longer,0.4957298674568406,6,5
the new,0.4957298674568406,6,5
and even,0.4957298674568406,6,5
not legal,0.4957298674568406,6,5
switching,0.4957298674568406,6,5
or contact,0.4957298674568406,6,5
are much,0.4957298674568406,6,5
can't be,0.4957298674568406,6,5
sustainable,0.4957298674568406,6,5
for health,0.4957298674568406,6,5
practices,0.4957298674568406,6,5
loss but,0.4957298674568406,6,5
fees and,0.4957298674568406,6,5
cream,0.4957298674568406,6,5
more for,0.4957298674568406,6,5
and add,0.4957298674568406,6,5
pass,0.4957298674568406,6,5
location and,0.4957298674568406,6,5
your card,0.4957298674568406,6,5
likely from,0.4957298674568406,6,5
detoxifies,0.4957298674568406,6,5
get enough,0.4957298674568406,6,5
consider the,0.4957298674568406,6,5
identical,0.4957298674568406,6,5
will be,0.4957298674568406,6,5
experiment,0.4957298674568406,6,5
drainage,0.4957298674568406,6,5
don't use,0.4957298674568406,6,5
saves,0.4957298674568406,6,5
not typically,0.4957298674568406,6,5
reflex,0.4957298674568406,6,5
examples,0.4957298674568406,6,5
lungs,0.4957298674568406,6,5
useful but,0.4957298674568406,6,5
certified,0.4947967522922983,13,13
comfort,0.4947967522922983,13,13
also be,0.4947967522922983,13,13
all work,0.4947967522922983,13,13
insomnia,0.4947967522922983,13,13
absolute,0.4947967522922983,13,13
and you,0.4947967522922983,13,13
can provide,0.4947967522922983,13,13
underlying,0.4947967522922983,13,13
not reliable,0.4878463711957422,22,24
savings,0.4860240738959905,26,29
minutes,0.47957411283537493,123,156
zero,0.475381835923885,12,12
optimal,0.475381835923885,12,12
or use,0.475381835923885,12,12
file,0.475381835923885,12,12
steps,0.475381835923885,12,12
baby,0.475381835923885,12,12
very low,0.475381835923885,12,12
white,0.475381835923885,12,12
microwave,0.4746327078857022,67,82
cold water,0.47066102570299795,29,33
score,0.47066102570299795,29,33
parts,0.4684412646132341,25,28
color,0.4684412646132341,25,28
alone,0.4579023067859963,46,55
glass,0.45691036144858643,16,17
earlier,0.45691036144858643,16,17
salt,0.4560607461733657,39,46
cholesterol,0.45514009879651796,11,11
idling,0.45514009879651796,11,11
affect engine,0.45514009879651796,11,11
is high,0.45514009879651796,11,11
brief,0.45514009879651796,11,11
oil there's,0.45514009879651796,11,11
the relationship,0.45514009879651796,11,11
replacement doesn't,0.45514009879651796,11,11
taste,0.45514009879651796,11,11
they can,0.453374965782782,28,32
cost,0.453374965782782,28,32
work,0.45152728221412947,132,169
properly,0.4506392718706186,20,22
chocolate,0.4506392718706186,20,22
is weak,0.4506392718706186,20,22
devices,0.45035218512020064,24,27
not recommended,0.45035218512020064,24,27
symptoms,0.4480539668233119,52,63
heavily,0.43655632916760434,15,16
have the,0.43655632916760434,15,16
olive,0.43655632916760434,15,16
same as,0.43655632916760434,15,16
and often,0.43655632916760434,15,16
drain,0.43655632916760434,15,16
depend,0.4356310298168053,27,31
risk is,0.4356310298168053,27,31
oil change,0.4339558559104376,10,10
irritate the,0.4339558559104376,10,10
naturally,0.4339558559104376,10,10
viruses,0.4339558559104376,10,10
much longer,0.4339558559104376,10,10
is one,0.4339558559104376,10,10
to reduce,0.4339558559104376,10,10
diabetes,0.4339558559104376,10,10
difference is,0.4339558559104376,10,10
flavor,0.4339558559104376,10,10
liver and,0.4339558559104376,10,10
it's best,0.4339558559104376,10,10
reliable,0.43207067089317114,70,87
because,0.43199593347417803,130,167
read,0.4317161245852325,23,26
rare,0.4317161245852325,23,26
roots,0.43107358780462235,19,21
diagnosis,0.43107358780462235,19,21
people,0.4301013567468406,173,225
back,0.42409354805271504,30,35
warm,0.417396254080508,26,30
green,0.41531450167899864,14,15
supplement,0.41531450167899864,14,15
oil is,0.41531450167899864,14,15
infants,0.41531450167899864,14,15
claims,0.4123624424007775,43,52
coating,0.41168363575355726,9,9
house,0.41168363575355726,9,9
immediate,0.41168363575355726,9,9
intervals vary,0.41168363575355726,9,9
fluids,0.41168363575355726,9,9
can go,0.41168363575355726,9,9
muscles,0.41168363575355726,9,9
claiming,0.41168363575355726,9,9
small amounts,0.41168363575355726,9,9
stronger evidence,0.41168363575355726,9,9
to keep,0.41168363575355726,9,9
item,0.41168363575355726,9,9
recommended pressure,0.41168363575355726,9,9
signal,0.4107806844614093,18,20
not cause,0.4107806844614093,18,20
app,0.4107806844614093,18,20
more,0.41062379093048357,442,593
condition,0.4063091764209955,29,34
very,0.40357164550950236,89,113
hair,0.39663378914427655,42,51
passwords,0.3930663673964162,13,14
and consider,0.3930663673964162,13,14
for that,0.3930663673964162,13,14
entire,0.3930663673964162,13,14
radiation,0.3926125259992517,21,24
balance,0.38968272558218436,17,19
ones,0.38968272558218436,17,19
period,0.38968272558218436,17,19
ingredients,0.38968272558218436,17,19
to see,0.38968272558218436,17,19
common,0.38865495638976194,117,151
the door,0.3881361909420111,8,8
tightly,0.3881361909420111,8,8
objects,0.3881361909420111,8,8
healing,0.3881361909420111,8,8
that doesn't,0.3881361909420111,8,8
rebuild,0.3881361909420111,8,8
no effect,0.3881361909420111,8,8
outdated for,0.3881361909420111,8,8
build,0.3881361909420111,8,8
route,0.3881361909420111,8,8
work for,0.3881361909420111,8,8
last miles,0.3881361909420111,8,8
alternative,0.3881361909420111,8,8
cotton,0.3881361909420111,8,8
day,0.38292478086209625,57,71
benefit,0.3819095137466592,96,123
in your,0.37203268508398535,20,23
rinse,0.3696659247294882,12,13
but also,0.3696659247294882,12,13
foot,0.3696659247294882,12,13
more likely,0.3696659247294882,12,13
with some,0.3696659247294882,12,13
oil can,0.3676879735752027,16,18
lasts,0.36306548331619004,7,7
certificate,0.36306548331619004,7,7
asthma,0.36306548331619004,7,7
bottled,0.36306548331619004,7,7
is false,0.36306548331619004,7,7
congestion,0.36306548331619004,7,7
thicker,0.36306548331619004,7,7
drywall,0.36306548331619004,7,7
battery is,0.36306548331619004,7,7
all parts,0.36306548331619004,7,7
cause more,0.36306548331619004,7,7
cause permanent,0.36306548331619004,7,7
proper diagnosis,0.36306548331619004,7,7
reflux,0.36306548331619004,7,7
six months,0.36306548331619004,7,7
the claims,0.36306548331619004,7,7
roles,0.36306548331619004,7,7
mean the,0.36306548331619004,7,7
loose,0.36306548331619004,7,7
stretch,0.36306548331619004,7,7
only,0.36106901989904533,154,202
grief,0.3593561639784467,23,27
test,0.3540981148319642,108,140
plan,0.35116683714758884,36,44
is too,0.35067850518970217,19,22
not an,0.35067850518970217,19,22
legitimate,0.35067850518970217,19,22
broad,0.34493022353158687,11,12
is negligible,0.34493022353158687,11,12
many factors,0.34493022353158687,11,12
double,0.34493022353158687,11,12
often have,0.34493022353158687,11,12
no reason,0.34493022353158687,11,12
tell,0.34493022353158687,11,12
for modern,0.34493022353158687,11,12
cough,0.34493022353158687,11,12
tree,0.34493022353158687,11,12
prefer,0.34493022353158687,11,12
can use,0.34493022353158687,11,12
not prevent,0.34493022353158687,11,12
cancer,0.33906112238424424,57,72
scam,0.3387420057790963,22,26
accelerate,0.33613084252824166,6,6
walking,0.33613084252824166,6,6
hiccups persist,0.33613084252824166,6,6
health benefits,0.33613084252824166,6,6
well supported,0.33613084252824166,6,6
gum,0.33613084252824166,6,6
if hiccups,0.33613084252824166,6,6
safe if,0.33613084252824166,6,6
odors,0.33613084252824166,6,6
hydrating,0.33613084252824166,6,6
sold,0.33613084252824166,6,6
overinflation,0.33613084252824166,6,6
oversimplification,0.33613084252824166,6,6
or not,0.33613084252824166,6,6
the tax,0.33613084252824166,6,6
overwatering,0.33613084252824166,6,6
staying,0.33613084252824166,6,6
ratings,0.33613084252824166,6,6
research is,0.33613084252824166,6,6
to have,0.33613084252824166,6,6
bottle,0.33613084252824166,6,6
fill,0.33613084252824166,6,6
files,0.33613084252824166,6,6
for actual,0.33613084252824166,6,6
understanding,0.33613084252824166,6,6
can harm,0.33613084252824166,6,6
sufficient correct,0.33613084252824166,6,6
surface stains,0.33613084252824166,6,6
are good,0.33613084252824166,6,6
exchange,0.33613084252824166,6,6
and possibly,0.33613084252824166,6,6
focus,0.33012786830699936,25,30
photos,0.32846996749066676,18,21
focus on,0.32846996749066676,18,21
drop,0.32846996749066676,18,21
last,0.3283657224200222,41,51
person,0.3205490594515815,14,16
placement,0.3205490594515815,14,16
funds,0.3205490594515815,14,16
headaches,0.3205490594515815,14,16
and doesn't,0.31862541336906913,10,11
grow,0.31862541336906913,10,11
is marketing,0.31862541336906913,10,11
is much,0.31862541336906913,10,11
family,0.31862541336906913,10,11
proven cure,0.31862541336906913,10,11
protect,0.31862541336906913,10,11
your breath,0.306841811150122,5,5
weeks to,0.306841811150122,5,5
say it's,0.306841811150122,5,5
confirmed,0.306841811150122,5,5
get the,0.306841811150122,5,5
at all,0.306841811150122,5,5
parts are,0.306841811150122,5,5
periodic,0.306841811150122,5,5
people the,0.306841811150122,5,5
engagement,0.306841811150122,5,5
to specific,0.306841811150122,5,5
conversation,0.306841811150122,5,5
usually unnecessary,0.306841811150122,5,5
most adults,0.306841811150122,5,5
most cars,0.306841811150122,5,5
or two,0.306841811150122,5,5
animals,0.306841811150122,5,5
description,0.306841811150122,5,5
matches,0.306841811150122,5,5
creams,0.306841811150122,5,5
but its,0.306841811150122,5,5
always the,0.306841811150122,5,5
remove some,0.306841811150122,5,5
exact number,0.306841811150122,5,5
be outdated,0.306841811150122,5,5
reflects,0.306841811150122,5,5
easier,0.306841811150122,5,5
determined by,0.306841811150122,5,5
and effective,0.306841811150122,5,5
not use,0.306841811150122,5,5
or cause,0.306841811150122,5,5
of some,0.306841811150122,5,5
test it,0.306841811150122,5,5
idea that,0.306841811150122,5,5
cause irritation,0.306841811150122,5,5
and let,0.306841811150122,5,5
the app's,0.306841811150122,5,5
gives you,0.306841811150122,5,5
even small,0.306841811150122,5,5
on local,0.306841811150122,5,5
noticeable,0.306841811150122,5,5
provide temporary,0.306841811150122,5,5
some places,0.306841811150122,5,5
proof of,0.306841811150122,5,5
holding your,0.306841811150122,5,5
being,0.2952633715462628,20,24
minimal,0.2952633715462628,20,24
necessary for,0.29511325976927344,13,15
adding,0.29511325976927344,13,15
alone is,0.29511325976927344,13,15
fit,0.29511325976927344,13,15
lifespan,0.29511325976927344,13,15
use,0.29383109133132235,295,398
its,0.2934761166642039,45,57
hard to,0.29044546112246294,9,10
is recommended,0.29044546112246294,9,10
spray,0.29044546112246294,9,10
scratches,0.29044546112246294,9,10
accept,0.29044546112246294,9,10
flag,0.29044546112246294,9,10
spread,0.29044546112246294,9,10
help if,0.29044546112246294,9,10
forecast,0.29044546112246294,9,10
left,0.29044546112246294,9,10
is minimal,0.29044546112246294,9,10
accuracy,0.29044546112246294,9,10
more accurate,0.29044546112246294,9,10
minerals,0.29044546112246294,9,10
more reliable,0.2884508625677707,23,28
fever,0.28109903291921773,16,19
information,0.2767983837240436,38,48
most people,0.2766924816685144,41,52
your specific,0.2722521492840003,19,23
part of,0.268181754655592,12,14
cheaper,0.268181754655592,12,14
it the,0.268181754655592,12,14
dark,0.2665398862141431,22,27
case,0.26287291596034157,25,31
weight loss,0.26287291596034157,25,31
you can't,0.25997836568565214,8,9
choking,0.25997836568565214,8,9
not for,0.25997836568565214,8,9
vitamins,0.25997836568565214,8,9
not enough,0.25997836568565214,8,9
the data,0.25997836568565214,8,9
agreement,0.25997836568565214,8,9
not strict,0.25997836568565214,8,9
thousands,0.25997836568565214,8,9
electrolyte,0.25997836568565214,8,9
conventional,0.25997836568565214,8,9
time the,0.25997836568565214,8,9
employees,0.25997836568565214,8,9
loss is,0.25997836568565214,8,9
pull,0.25997836568565214,8,9
loads,0.25997836568565214,8,9
changed,0.25997836568565214,8,9
posture,0.25997836568565214,8,9
flat,0.25997836568565214,8,9
marketing,0.2593559733144175,31,39
temporarily,0.2593559733144175,31,39
faster,0.258883590392695,37,47
set,0.2588404381106919,34,43
modern cars,0.25569521475849505,15,18
otherwise,0.25569521475849505,15,18
drinking,0.24827585134229596,18,22
may reduce,0.24827585134229596,18,22
miles is,0.24827585134229596,18,22
they are,0.2482731239166291,51,66
myth,0.24738742524210233,68,89
notice,0.241271767100007,24,30
limit,0.2395922286436486,30,38
the label,0.2395922286436486,30,38
remain,0.2395055826795903,11,13
discomfort,0.2395055826795903,11,13
sensitive,0.2395055826795903,11,13
iron,0.2395055826795903,11,13
send,0.2395055826795903,11,13
end,0.2395055826795903,11,13
likely to,0.2395055826795903,11,13
bad,0.22894430655805323,14,17
leaves,0.22894430655805323,14,17
butter,0.22894430655805323,14,17
it to,0.22894430655805323,14,17
affects,0.22894430655805323,14,17
dryness,0.2266498810960471,7,8
can trap,0.2266498810960471,7,8
crash,0.2266498810960471,7,8
for other,0.2266498810960471,7,8
contribute,0.2266498810960471,7,8
much lower,0.2266498810960471,7,8
results vary,0.2266498810960471,7,8
shop,0.2266498810960471,7,8
mostly from,0.2266498810960471,7,8
whether you,0.2266498810960471,7,8
nutritional,0.2266498810960471,7,8
vary many,0.2266498810960471,7,8
soon,0.2266498810960471,7,8
especially with,0.2266498810960471,7,8
copper,0.2266498810960471,7,8
package,0.2266498810960471,7,8
though the,0.2266498810960471,7,8
your area,0.2266498810960471,7,8
proven treatment,0.2266498810960471,7,8
plans,0.2266498810960471,7,8
life,0.2255767443212988,41,53
and is,0.22322829420320403,17,21
movement,0.22322829420320403,17,21
nutrient,0.22322829420320403,17,21
way to,0.22322829420320403,17,21
necessarily,0.2218491229677238,35,45
well,0.22182130377663586,55,72
into,0.22024267877673742,20,25
routine,0.2189394822498108,23,29
regularly,0.2187382102360921,26,33
hair growth,0.2087658056497316,10,12
status,0.2087658056497316,10,12
puffiness,0.2087658056497316,10,12
basis,0.2087658056497316,10,12
cloud,0.2087658056497316,10,12
can affect,0.2087658056497316,10,12
copy,0.2087658056497316,10,12
manual for,0.2087658056497316,10,12
further,0.2087658056497316,10,12
be too,0.2087658056497316,10,12
clean,0.20268503232349994,34,44
options,0.20065422168203217,13,16
work by,0.20041125646691693,31,40
fiber,0.19698450855487543,16,20
meet,0.19698450855487543,16,20
pad,0.19698450855487543,16,20
writing,0.19698450855487543,16,20
colds,0.19698450855487543,16,20
live,0.19698450855487543,16,20
warranty,0.19581361711627154,22,28
lower than,0.18962405133453178,6,7
cause of,0.18962405133453178,6,7
fan,0.18962405133453178,6,7
check all,0.18962405133453178,6,7
purchase,0.18962405133453178,6,7
unclear,0.18962405133453178,6,7
smooth,0.18962405133453178,6,7
preliminary,0.18962405133453178,6,7
time is,0.18962405133453178,6,7
machines,0.18962405133453178,6,7
periodically,0.18962405133453178,6,7
to try,0.18962405133453178,6,7
or using,0.18962405133453178,6,7
ban,0.18962405133453178,6,7
less water,0.18962405133453178,6,7
no you,0.18962405133453178,6,7
laxatives,0.18962405133453178,6,7
is always,0.18962405133453178,6,7
are fine,0.18962405133453178,6,7
booking,0.18962405133453178,6,7
cap,0.18962405133453178,6,7
condensation,0.18962405133453178,6,7
reduces the,0.18962405133453178,6,7
partial,0.18962405133453178,6,7
master,0.18962405133453178,6,7
bags,0.18962405133453178,6,7
develop,0.18962405133453178,6,7
an old,0.18962405133453178,6,7
overuse,0.18962405133453178,6,7
honey,0.18305692868922663,33,43
and more,0.17554460070790767,9,11
prove,0.17554460070790767,9,11
and kidneys,0.17554460070790767,9,11
retain,0.17554460070790767,9,11
affected,0.17554460070790767,9,11
plaque,0.17554460070790767,9,11
light can,0.17554460070790767,9,11
makes,0.17554460070790767,9,11
running,0.17418309695759523,24,31
beyond,0.17418309695759523,24,31
better than,0.17418309695759523,24,31
heart,0.17418309695759523,24,31
they don't,0.17182333511663722,21,27
should be,0.17102664399380504,38,50
compost,0.17058793209092576,12,15
smell,0.17058793209092576,12,15
device,0.17058793209092576,12,15
six,0.17058793209092576,12,15
and cause,0.17058793209092576,12,15
apply,0.17008600960030834,18,23
numbers,0.17008600960030834,18,23
multiple,0.16946762178990543,68,91
to prevent,0.16939606954783795,15,19
taking,0.16939606954783795,15,19
and check,0.16939606954783795,15,19
realistic,0.16939606954783795,15,19
reduces,0.1612888558998135,43,57
simple,0.15885498280607943,29,38
microwave safe,0.1547814099486435,26,34
weak,0.15206029881559094,37,49
local,0.15089920950728153,88,119
your actual,0.14761373312353093,5,6
many other,0.14761373312353093,5,6
map,0.14761373312353093,5,6
equivalent to,0.14761373312353093,5,6
babies,0.14761373312353093,5,6
fuel and,0.14761373312353093,5,6
prescription,0.14761373312353093,5,6
unsupported,0.14761373312353093,5,6
unique,0.14761373312353093,5,6
hormones,0.14761373312353093,5,6
approach is,0.14761373312353093,5,6
diet is,0.14761373312353093,5,6
see the,0.14761373312353093,5,6
as effective,0.14761373312353093,5,6
beyond normal,0.14761373312353093,5,6
involves,0.14761373312353093,5,6
is debated,0.14761373312353093,5,6
red wine,0.14761373312353093,5,6
into the,0.14761373312353093,5,6
leads to,0.14761373312353093,5,6
happens,0.14761373312353093,5,6
harsh,0.14761373312353093,5,6
networking,0.14761373312353093,5,6
came,0.14761373312353093,5,6
ability to,0.14761373312353093,5,6
doing,0.14761373312353093,5,6
both are,0.14761373312353093,5,6
official guidance,0.14761373312353093,5,6
evenly,0.14761373312353093,5,6
is designed,0.14761373312353093,5,6
can often,0.14761373312353093,5,6
only deduct,0.14761373312353093,5,6
is mainly,0.14761373312353093,5,6
legally,0.14761373312353093,5,6
toward,0.14761373312353093,5,6
slices,0.14761373312353093,5,6
issue is,0.14761373312353093,5,6
or that,0.14761373312353093,5,6
over long,0.14761373312353093,5,6
may shorten,0.14761373312353093,5,6
me,0.14761373312353093,5,6
front,0.14761373312353093,5,6
phrase,0.14761373312353093,5,6
progress,0.14761373312353093,5,6
for it,0.14761373312353093,5,6
speaking,0.14761373312353093,5,6
cold exposure,0.14761373312353093,5,6
water the,0.14761373312353093,5,6
phones have,0.14761373312353093,5,6
mainstream,0.14761373312353093,5,6
by jurisdiction,0.14761373312353093,5,6
limiting,0.14761373312353093,5,6
diagnosis is,0.14761373312353093,5,6
crashes,0.14761373312353093,5,6
price,0.14329937259322142,17,22
modern,0.14091732871080184,103,140
it has,0.14028489738285735,14,18
or other,0.14028489738285735,14,18
but there's,0.14028489738285735,14,18
sound,0.14028489738285735,14,18
combination,0.1392798451179911,8,10
removing,0.1392798451179911,8,10
upfront,0.1392798451179911,8,10
helps but,0.1392798451179911,8,10
teeth,0.1392798451179911,8,10
inflammation,0.1392798451179911,8,10
red flag,0.1392798451179911,8,10
survive,0.1392798451179911,8,10
to verify,0.1392798451179911,8,10
ac,0.1392798451179911,8,10
gets,0.1392798451179911,8,10
your credit,0.1392798451179911,8,10
the type,0.1392798451179911,8,10
and have,0.1392798451179911,8,10
freezing,0.1392798451179911,8,10
maintain,0.1384483854076059,11,14
alignment,0.1384483854076059,11,14
the router,0.1384483854076059,11,14
good practice,0.1384483854076059,11,14
portion,0.1384483854076059,11,14
when you,0.1384483854076059,11,14
phone,0.13719224758558632,28,37
sugar,0.13719224758558632,28,37
number,0.1359502965345362,71,96
estimate,0.13192790883677052,25,33
effective,0.12635637510374212,120,164
benefits,0.12496718844529357,41,55
improve,0.12475739828066998,57,77
memory,0.12091450227011864,19,25
the risk,0.11863769478909118,46,62
late,0.1151985305467819,16,21
windows,0.1151985305467819,16,21
space,0.1151985305467819,16,21
is common,0.11282866974621751,35,47
coffee,0.11259378408319892,43,58
leaving,0.10943489190057318,13,17
theory,0.10943489190057318,13,17
match,0.10943489190057318,13,17
for most,0.10717313948295969,69,94
clear,0.10627364016543879,32,43
speed,0.10627364016543879,32,43
details,0.10385659723979446,10,13
causing,0.10385659723979446,10,13
linked to,0.10385659723979446,10,13
coconut oil,0.10385659723979446,10,13
unit,0.10385659723979446,10,13
coconut,0.10385659723979446,10,13
off the,0.10385659723979446,10,13
vision,0.10385659723979446,10,13
settings,0.10385659723979446,10,13
hand,0.10385659723979446,10,13
no that,0.10385659723979446,10,13
slow,0.10131422960890098,21,28
plant,0.10131422960890098,21,28
once,0.10131422960890098,21,28
part,0.09931974469058963,29,39
leaf,0.09919055638144963,7,9
credit score,0.09919055638144963,7,9
story,0.09919055638144963,7,9
subjective,0.09919055638144963,7,9
attract,0.09919055638144963,7,9
carpet,0.09919055638144963,7,9
belt,0.09919055638144963,7,9
be effective,0.09919055638144963,7,9
for certain,0.09919055638144963,7,9
is modest,0.09919055638144963,7,9
it isn't,0.09919055638144963,7,9
food contact,0.09919055638144963,7,9
dramatic,0.09919055638144963,7,9
no link,0.09919055638144963,7,9
aftermarket,0.09919055638144963,7,9
inspect,0.09919055638144963,7,9
not have,0.09919055638144963,7,9
non-ionizing,0.09919055638144963,7,9
saturated,0.09919055638144963,7,9
liability,0.09919055638144963,7,9
you need,0.09420414935214357,42,57
now,0.09379633223646926,18,24
use the,0.09188844258672364,26,35
stress,0.08498864360233065,31,42
open,0.08387283719160427,23,31
tea,0.08387283719160427,23,31
bleach,0.08387283719160427,23,31
risk,0.078151657209564,159,220
hidden,0.07658043641940367,12,16
track,0.07658043641940367,12,16
events,0.07658043641940367,12,16
event,0.07658043641940367,12,16
mould,0.07658043641940367,12,16
periods,0.07512155572746237,20,27
research suggests,0.0663188939029414,9,12
effective for,0.0663188939029414,9,12
exaggerated,0.0663188939029414,9,12
the link,0.0663188939029414,9,12
that would,0.0663188939029414,9,12
minor,0.06540903987316617,17,23
relief,0.06540903987316617,17,23
near,0.06540903987316617,17,23
they may,0.06540903987316617,17,23
increase,0.05943390450397632,53,73
dry,0.05931593881138193,35,48
prevents,0.0543755742959109,14,19
symbol,0.0543755742959109,14,19
outside,0.05414775441887875,6,8
on how,0.05414775441887875,6,8
usually the,0.05414775441887875,6,8
confirm the,0.05414775441887875,6,8
symptoms but,0.05414775441887875,6,8
difficulty,0.05414775441887875,6,8
seek,0.05414775441887875,6,8
treat it,0.05414775441887875,6,8
may improve,0.05414775441887875,6,8
weeks is,0.05414775441887875,6,8
stops,0.05414775441887875,6,8
crystals,0.05414775441887875,6,8
tolerance,0.05414775441887875,6,8
often more,0.05414775441887875,6,8
cooking time,0.05414775441887875,6,8
the app,0.05414775441887875,6,8
clearly,0.05414775441887875,6,8
needs vary,0.05414775441887875,6,8
the company,0.05414775441887875,6,8
microwave-safe plastics,0.05414775441887875,6,8
not based,0.05414775441887875,6,8
interpretation,0.05414775441887875,6,8
exclusively,0.05414775441887875,6,8
rules vary,0.05414775441887875,6,8
saving,0.05414775441887875,6,8
warm-ups are,0.05414775441887875,6,8
are rare,0.05414775441887875,6,8
your current,0.05414775441887875,6,8
traditional,0.05414775441887875,6,8
hearing,0.05414775441887875,6,8
start,0.05382465118637352,27,37
sun,0.047824402707874705,19,26
calories,0.047824402707874705,19,26
not necessarily,0.04361263744955298,24,33
coverage,0.04361263744955298,24,33
accepted,0.0413902705010858,11,15
minute,0.0413902705010858,11,15
has some,0.0413902705010858,11,15
heating,0.0413902705010858,11,15
foam,0.0413902705010858,11,15
for your,0.041275774818033656,57,79
is often,0.03740511442417315,82,114
alcohol,0.03223618829195772,21,29
stain,0.03223618829195772,21,29
red,0.028462227537762855,31,43
with the,0.028462227537762855,31,43
months,0.025761836764861046,46,64
diet and,0.025176245615759922,8,11
complete,0.025176245615759922,8,11
editing,0.025176245615759922,8,11
checked,0.025176245615759922,8,11
pesticides,0.025176245615759922,8,11
in small,0.025176245615759922,8,11
charger,0.021226245967671694,13,18
removal,0.021226245967671694,13,18
because it,0.01931019755475376,18,25
vinegar,0.016637282353279777,43,60
body,0.00730878809086716,45,63
risk of,0.00544668640532699,25,35
if they,0.004871449226273428,20,28
revving,0.003444330490033788,10,14
effectively,0.003444330490033788,10,14
ideal,0.003444330490033788,10,14
cure for,0.003444330490033788,10,14
heat and,0.003444330490033788,10,14
appear,0.003444330490033788,10,14
and avoid,0.003444330490033788,10,14
inside,0.003444330490033788,10,14
across,0.003444330490033788,10,14
electrical,0.003444330490033788,10,14
can remove,0.003444330490033788,10,14
for minutes,0.003444330490033788,10,14
flexible,0.002435401876914548,5,7
correlation,0.002435401876914548,5,7
flushing,0.002435401876914548,5,7
above the,0.002435401876914548,5,7
but results,0.002435401876914548,5,7
restriction,0.002435401876914548,5,7
binding,0.002435401876914548,5,7
fare,0.002435401876914548,5,7
keeping the,0.002435401876914548,5,7
discard,0.002435401876914548,5,7
salt can,0.002435401876914548,5,7
trackers,0.002435401876914548,5,7
have stronger,0.002435401876914548,5,7
regulated,0.002435401876914548,5,7
for hours,0.002435401876914548,5,7
insurer,0.002435401876914548,5,7
involved,0.002435401876914548,5,7
the room,0.002435401876914548,5,7
before and,0.002435401876914548,5,7
evidence they,0.002435401876914548,5,7
not require,0.002435401876914548,5,7
record,0.002435401876914548,5,7
but high,0.002435401876914548,5,7
years but,0.002435401876914548,5,7
but doesn't,0.002435401876914548,5,7
mental health,0.002435401876914548,5,7
was about,0.002435401876914548,5,7
tell you,0.002435401876914548,5,7
microwave-safe symbol,0.002435401876914548,5,7
audit,0.002435401876914548,5,7
antimicrobial,0.002435401876914548,5,7
can indicate,0.002435401876914548,5,7
bright,0.002435401876914548,5,7
practice and,0.002435401876914548,5,7
shape,0.002435401876914548,5,7
standard for,0.002435401876914548,5,7
sounds like,0.002435401876914548,5,7
or from,0.002435401876914548,5,7
losses,0.002435401876914548,5,7
and what,0.002435401876914548,5,7
considered safe,0.002435401876914548,5,7
precaution,0.002435401876914548,5,7
elsewhere,0.002435401876914548,5,7
use is,0.002435401876914548,5,7
assess,0.002435401876914548,5,7
when used,0.002435401876914548,5,7
cure and,0.002435401876914548,5,7
method,-0.004815558621441606,32,45
engine,-0.0050713967737806755,74,104
separate,-0.006287644853960464,27,38
depends on,-0.008985119689545368,133,187
air,-0.010112031750306562,49,69
raw,-0.010551550251042036,17,24
surfaces,-0.010551550251042036,17,24
regardless of,-0.010551550251042036,17,24
kidneys,-0.014112268497975693,12,17
be labelled,-0.014112268497975693,12,17
done,-0.014112268497975693,12,17
an overstatement,-0.014112268497975693,12,17
removes,-0.014112268497975693,12,17
are common,-0.014112268497975693,12,17
terms,-0.01716090908599883,29,41
odor,-0.020477302953582244,7,10
occasionally,-0.020477302953582244,7,10
installation,-0.020477302953582244,7,10
the issue,-0.020477302953582244,7,10
uneven wear,-0.020477302953582244,7,10
absorbed,-0.020477302953582244,7,10
view,-0.020477302953582244,7,10
exercises,-0.020477302953582244,7,10
cause temporary,-0.020477302953582244,7,10
breath,-0.020477302953582244,7,10
breathing,-0.020477302953582244,7,10
method is,-0.020477302953582244,7,10
split,-0.020477302953582244,7,10
linear,-0.020477302953582244,7,10
holding,-0.020477302953582244,7,10
can kill,-0.020477302953582244,7,10
upsell,-0.020477302953582244,7,10
quotes,-0.020477302953582244,7,10
share,-0.020477302953582244,7,10
adds,-0.020477302953582244,7,10
firmware,-0.020477302953582244,7,10
trap,-0.020477302953582244,7,10
your policy,-0.020477302953582244,7,10
are usually,-0.02365570213987258,19,27
regardless,-0.02365570213987258,19,27
can improve,-0.02365570213987258,19,27
short,-0.024448384904919334,36,51
the first,-0.02896109134838364,14,20
router,-0.03547216735776462,21,30
lithium-ion batteries,-0.037800412804340724,9,13
lighting,-0.037800412804340724,9,13
fields,-0.037800412804340724,9,13
excess,-0.037800412804340724,9,13
cutting,-0.037800412804340724,9,13
vegetables,-0.037800412804340724,9,13
symptom,-0.037800412804340724,9,13
synthetic oil,-0.037800412804340724,9,13
gluten-free,-0.037800412804340724,9,13
engine oil,-0.040962293645666205,28,40
if it's,-0.040962293645666205,28,40
time and,-0.04191318618472855,16,23
lines,-0.04191318618472855,16,23
tax,-0.042018656884844255,40,57
old,-0.04580010232112255,35,50
organic,-0.046263773299480164,23,33
but the,-0.046353623601323626,176,249
acidic and,-0.05199468272093198,11,16
seal,-0.05199468272093198,11,16
setting,-0.05199468272093198,11,16
fee,-0.05199468272093198,11,16
the figure,-0.0534621843401755,18,26
the only,-0.0534621843401755,18,26
business,-0.0534621843401755,18,26
rules,-0.054302133943839995,37,53
use but,-0.05873149853792715,4,6
individual and,-0.05873149853792715,4,6
some may,-0.05873149853792715,4,6
calling,-0.05873149853792715,4,6
physical therapy,-0.05873149853792715,4,6
not damage,-0.05873149853792715,4,6
dated,-0.05873149853792715,4,6
have an,-0.05873149853792715,4,6
involve,-0.05873149853792715,4,6
see dermatologist,-0.05873149853792715,4,6
and contact,-0.05873149853792715,4,6
huge,-0.05873149853792715,4,6
need more,-0.05873149853792715,4,6
health risks,-0.05873149853792715,4,6
work if,-0.05873149853792715,4,6
cases but,-0.05873149853792715,4,6
remove all,-0.05873149853792715,4,6
runs,-0.05873149853792715,4,6
hydration and,-0.05873149853792715,4,6
tactic,-0.05873149853792715,4,6
only for,-0.05873149853792715,4,6
clinically,-0.05873149853792715,4,6
and only,-0.05873149853792715,4,6
most studies,-0.05873149853792715,4,6
much more,-0.05873149853792715,4,6
built-in,-0.05873149853792715,4,6
for small,-0.05873149853792715,4,6
debate,-0.05873149853792715,4,6
the area,-0.05873149853792715,4,6
the advice,-0.05873149853792715,4,6
that they,-0.05873149853792715,4,6
evidence suggests,-0.05873149853792715,4,6
equally,-0.05873149853792715,4,6
rates and,-0.05873149853792715,4,6
thoroughly,-0.05873149853792715,4,6
adults need,-0.05873149853792715,4,6
any cooking,-0.05873149853792715,4,6
diagnose,-0.05873149853792715,4,6
impact on,-0.05873149853792715,4,6
scam legitimate,-0.05873149853792715,4,6
two hours,-0.05873149853792715,4,6
support the,-0.05873149853792715,4,6
consensus is,-0.05873149853792715,4,6
instructions and,-0.05873149853792715,4,6
often unnecessary,-0.05873149853792715,4,6
help the,-0.05873149853792715,4,6
account for,-0.05873149853792715,4,6
blood sugar,-0.05873149853792715,4,6
vary and,-0.05873149853792715,4,6
but even,-0.05873149853792715,4,6
claim of,-0.05873149853792715,4,6
address,-0.06417844803772559,13,19
depends,-0.06731246927688822,135,192
strong,-0.07130508193472526,60,86
treatment for,-0.07193242450470848,6,9
vendors,-0.07193242450470848,6,9
genetics,-0.07193242450470848,6,9
number of,-0.07193242450470848,6,9
licensed,-0.07193242450470848,6,9
confusion,-0.07193242450470848,6,9
that are,-0.07193242450470848,6,9
and usually,-0.07193242450470848,6,9
it in,-0.07193242450470848,6,9
ability,-0.07193242450470848,6,9
by country,-0.07193242450470848,6,9
abrasive and,-0.07193242450470848,6,9
grief is,-0.07193242450470848,6,9
discarding,-0.07193242450470848,6,9
speeds,-0.07193242450470848,6,9
for any,-0.07193242450470848,6,9
fraud,-0.07193242450470848,6,9
draw,-0.07193242450470848,6,9
marks,-0.07193242450470848,6,9
for few,-0.07193242450470848,6,9
central,-0.07193242450470848,6,9
whether it,-0.07193242450470848,6,9
common rule,-0.07193242450470848,6,9
comparable,-0.07193242450470848,6,9
not recommend,-0.07193242450470848,6,9
registered,-0.07193242450470848,6,9
perform,-0.07193242450470848,6,9
approaches,-0.07193242450470848,6,9
last longer,-0.07193242450470848,6,9
checks,-0.07193242450470848,6,9
creates,-0.07193242450470848,6,9
reduce puffiness,-0.07193242450470848,6,9
almost,-0.07193242450470848,6,9
figure is,-0.0735388912534687,22,32
toxic,-0.0735388912534687,22,32
prevention,-0.0735388912534687,22,32
detox,-0.07495397252642337,15,22
or more,-0.07495397252642337,15,22
mainly,-0.07495397252642337,15,22
learning,-0.07495397252642337,15,22
washing,-0.08244712125322824,24,35
reduce the,-0.08306193689039092,8,12
penetrate,-0.08306193689039092,8,12
hygiene,-0.08306193689039092,8,12
patch,-0.08306193689039092,8,12
ventilation,-0.08306193689039092,8,12
venting,-0.08306193689039092,8,12
is acidic,-0.08306193689039092,8,12
tap,-0.08306193689039092,8,12
saying,-0.08306193689039092,8,12
connection,-0.08306193689039092,8,12
can temporarily,-0.08306193689039092,8,12
rating,-0.08306193689039092,8,12
is low,-0.08306193689039092,8,12
coffee grounds,-0.08306193689039092,8,12
longer than,-0.08306193689039092,8,12
swelling,-0.08306193689039092,8,12
causation,-0.09286777657284324,10,15
studies but,-0.09286777657284324,10,15
career,-0.09286777657284324,10,15
quote,-0.09286777657284324,10,15
popular,-0.09286777657284324,10,15
concerns,-0.10173342323164791,12,18
the car,-0.10173342323164791,12,18
dehydration,-0.10173342323164791,12,18
overstatement,-0.10173342323164791,12,18
especially if,-0.1018685323048074,21,31
microwaving,-0.10960199219569426,23,34
safety,-0.1159386601346686,95,137
diet,-0.1166231569937312,48,70
standing,-0.11747595980403062,16,24
of your,-0.11747595980403062,16,24
real-world,-0.11747595980403062,16,24
close,-0.11747595980403062,16,24
therapy,-0.12460436350903782,18,27
matters,-0.1298594453535087,45,66
health and,-0.131111403475049,5,8
the embassy,-0.131111403475049,5,8
contribute to,-0.131111403475049,5,8
critical,-0.131111403475049,5,8
print,-0.131111403475049,5,8
common but,-0.131111403475049,5,8
main factor,-0.131111403475049,5,8
egg,-0.131111403475049,5,8
difficult,-0.131111403475049,5,8
payments,-0.131111403475049,5,8
expected,-0.131111403475049,5,8
specification,-0.131111403475049,5,8
no clinical,-0.131111403475049,5,8
broader,-0.131111403475049,5,8
car's,-0.131111403475049,5,8
trap heat,-0.131111403475049,5,8
treat the,-0.131111403475049,5,8
radio,-0.131111403475049,5,8
conditions but,-0.131111403475049,5,8
circumstances,-0.131111403475049,5,8
evidence the,-0.131111403475049,5,8
acidity,-0.131111403475049,5,8
plain,-0.131111403475049,5,8
age and,-0.131111403475049,5,8
viral,-0.131111403475049,5,8
for food,-0.131111403475049,5,8
an upsell,-0.131111403475049,5,8
bottom,-0.131111403475049,5,8
hours but,-0.131111403475049,5,8
framework,-0.131111403475049,5,8
and regular,-0.131111403475049,5,8
the right,-0.1313469475563678,20,30
the container,-0.13331519979411177,7,11
peroxide,-0.13331519979411177,7,11
recommended by,-0.13331519979411177,7,11
injuries,-0.13331519979411177,7,11
texture,-0.13331519979411177,7,11
gauge,-0.13331519979411177,7,11
diagnosed,-0.13331519979411177,7,11
so the,-0.13331519979411177,7,11
real but,-0.13331519979411177,7,11
applies,-0.13331519979411177,7,11
high heat,-0.13331519979411177,7,11
compresses,-0.13331519979411177,7,11
trickle,-0.13331519979411177,7,11
sweat,-0.13331519979411177,7,11
day is,-0.13331519979411177,7,11
can get,-0.13331519979411177,7,11
present,-0.13331519979411177,7,11
the official,-0.13664791954295086,31,46
traffic,-0.13730441176201255,9,14
can vary,-0.13730441176201255,9,14
not to,-0.13730441176201255,9,14
codes,-0.13730441176201255,9,14
not universally,-0.13730441176201255,9,14
as an,-0.13730441176201255,9,14
caution,-0.13730441176201255,9,14
recommended for,-0.13730441176201255,9,14
be used,-0.13730441176201255,9,14
to miles,-0.13730441176201255,9,14
clog,-0.13730441176201255,9,14
healthy,-0.13834643363292526,40,59
grounds,-0.14199585815353044,11,17
breaks,-0.14199585815353044,11,17
essential,-0.14199585815353044,11,17
certification,-0.14199585815353044,11,17
number is,-0.14199585815353044,11,17
protection,-0.14267643377819436,33,49
ground,-0.14696626758488943,13,20
entry,-0.14696626758488943,13,20
can help,-0.1474987114922875,102,148
company,-0.1520250739501704,15,23
the microwave-safe,-0.1520250739501704,15,23
containers,-0.1520250739501704,15,23
date,-0.1554232391979324,28,42
break,-0.1570792109618243,17,26
recovery,-0.1570792109618243,17,26
and it,-0.1570792109618243,17,26
balanced,-0.16208131985493532,19,29
free,-0.16208131985493532,19,29
quickly,-0.1670071905436278,21,32
three,-0.17184498600578008,23,35
matter,-0.17476304472282617,45,67
long,-0.17476304472282617,45,67
been,-0.1751099000802101,54,80
shown,-0.18124032145089986,27,41
the evidence,-0.18296793034013947,74,109
habits,-0.18542838536501582,10,16
linked,-0.18542838536501582,10,16
highly,-0.18542838536501582,10,16
lid,-0.18542838536501582,10,16
especially for,-0.18542838536501582,10,16
possibly,-0.18542838536501582,10,16
whitening,-0.18542838536501582,10,16
area,-0.18579788564939556,29,44
causal,-0.18605446631842965,8,13
brushing,-0.18605446631842965,8,13
premium,-0.18605446631842965,8,13
it's reasonable,-0.18605446631842965,8,13
turn,-0.18605446631842965,8,13
cancellation,-0.18605446631842965,8,13
adjust,-0.18605446631842965,8,13
index,-0.18605446631842965,8,13
cells,-0.18605446631842965,8,13
the minimum,-0.18605446631842965,8,13
season,-0.18650155980866082,12,19
soap,-0.18650155980866082,12,19
requirement,-0.18650155980866082,12,19
the negative,-0.189927315313944,6,10
soda can,-0.189927315313944,6,10
effects are,-0.189927315313944,6,10
inches,-0.189927315313944,6,10
mile interval,-0.189927315313944,6,10
if used,-0.189927315313944,6,10
fertilizer,-0.189927315313944,6,10
copies,-0.189927315313944,6,10
not established,-0.189927315313944,6,10
that specific,-0.189927315313944,6,10
load test,-0.189927315313944,6,10
wall,-0.189927315313944,6,10
root,-0.189927315313944,6,10
but modern,-0.189927315313944,6,10
microwave use,-0.189927315313944,6,10
letting,-0.189927315313944,6,10
compare the,-0.189927315313944,6,10
at and,-0.189927315313944,6,10
to cause,-0.189927315313944,6,10
interaction,-0.189927315313944,6,10
always check,-0.189927315313944,6,10
miles or,-0.189927315313944,6,10
vaccine,-0.189927315313944,6,10
topical,-0.189927315313944,6,10
through the,-0.1911862216170997,16,25
countries,-0.1911862216170997,16,25
supplements,-0.1911862216170997,16,25
doses,-0.19419418406075328,18,28
law,-0.1946440534835571,33,50
the rule,-0.19743834723850334,20,31
false,-0.19743834723850334,20,31
are often,-0.20083314665955324,22,34
uncertain,-0.20104447082722887,4,7
has mild,-0.20104447082722887,4,7
exclude,-0.20104447082722887,4,7
to work,-0.20104447082722887,4,7
self-employed,-0.20104447082722887,4,7
benefits are,-0.20104447082722887,4,7
it's likely,-0.20104447082722887,4,7
to read,-0.20104447082722887,4,7
to know,-0.20104447082722887,4,7
your car's,-0.20104447082722887,4,7
removed,-0.20104447082722887,4,7
mask,-0.20104447082722887,4,7
not dangerous,-0.20104447082722887,4,7
reduction is,-0.20104447082722887,4,7
explanation,-0.20104447082722887,4,7
final,-0.20104447082722887,4,7
fails,-0.20104447082722887,4,7
date and,-0.20104447082722887,4,7
dose and,-0.20104447082722887,4,7
and exercise,-0.20104447082722887,4,7
and heat,-0.20104447082722887,4,7
the local,-0.20104447082722887,4,7
some cases,-0.20104447082722887,4,7
every years,-0.20104447082722887,4,7
trace,-0.20104447082722887,4,7
test or,-0.20104447082722887,4,7
wary of,-0.20104447082722887,4,7
genetic,-0.20104447082722887,4,7
number on,-0.20104447082722887,4,7
respond,-0.20104447082722887,4,7
that coffee,-0.20104447082722887,4,7
requiring,-0.20104447082722887,4,7
exaggeration,-0.20104447082722887,4,7
improve sleep,-0.20104447082722887,4,7
in one,-0.20104447082722887,4,7
can only,-0.20104447082722887,4,7
large studies,-0.20104447082722887,4,7
from an,-0.20104447082722887,4,7
discuss the,-0.20104447082722887,4,7
the source,-0.20104447082722887,4,7
and after,-0.20104447082722887,4,7
the terms,-0.20104447082722887,4,7
labelled microwave-safe,-0.20104447082722887,4,7
water damage,-0.20104447082722887,4,7
it should,-0.20104447082722887,4,7
task,-0.20104447082722887,4,7
closed,-0.20104447082722887,4,7
but other,-0.20104447082722887,4,7
deduct the,-0.20104447082722887,4,7
the vehicle,-0.20104447082722887,4,7
is hard,-0.20104447082722887,4,7
as well,-0.20104447082722887,4,7
are only,-0.20104447082722887,4,7
burns,-0.20432210081303506,24,37
over time,-0.21144108306299794,28,43
every,-0.2140403145533067,72,107
labelled,-0.22573022603806747,36,55
unless you,-0.22730692233784772,13,21
processing,-0.22730692233784772,13,21
waste,-0.22730692233784772,13,21
kidney,-0.22730692233784772,13,21
avoiding,-0.22782642949629126,17,27
and water,-0.22782642949629126,17,27
deficiency,-0.22782642949629126,17,27
folk,-0.2288710884047808,11,18
dust,-0.2288710884047808,11,18
anecdotal,-0.2288710884047808,11,18
away from,-0.2288710884047808,11,18
not just,-0.2291626693660345,19,30
means,-0.230939264668202,21,33
advice,-0.2313495260881827,62,93
flush,-0.2326193424684975,9,15
designed to,-0.2326193424684975,9,15
other factors,-0.2326193424684975,9,15
ice,-0.2326193424684975,9,15
thumb,-0.2326193424684975,9,15
the mile,-0.2326193424684975,9,15
of thumb,-0.2326193424684975,9,15
technique,-0.2326193424684975,9,15
access,-0.2326193424684975,9,15
soda is,-0.240123672995177,7,12
debated,-0.240123672995177,7,12
more important,-0.240123672995177,7,12
are designed,-0.240123672995177,7,12
not support,-0.240123672995177,7,12
pet,-0.240123672995177,7,12
specs,-0.240123672995177,7,12
resin,-0.240123672995177,7,12
microwaves,-0.240123672995177,7,12
sleep and,-0.240123672995177,7,12
mold,-0.24048422180593257,29,45
interest,-0.24320456675074711,31,48
fuel,-0.24599469718384384,33,51
long-term,-0.24883567303475015,35,54
through,-0.24979347402968474,50,76
unless,-0.2517128592655744,37,57
and less,-0.25489224668374916,5,9
starter,-0.25489224668374916,5,9
country and,-0.25489224668374916,5,9
the common,-0.25489224668374916,5,9
concern is,-0.25489224668374916,5,9
supervision,-0.25489224668374916,5,9
soothing,-0.25489224668374916,5,9
by many,-0.25489224668374916,5,9
promise,-0.25489224668374916,5,9
rare and,-0.25489224668374916,5,9
wording,-0.25489224668374916,5,9
can slightly,-0.25489224668374916,5,9
only one,-0.25489224668374916,5,9
and no,-0.25489224668374916,5,9
room temperature,-0.25489224668374916,5,9
mental,-0.25489224668374916,5,9
are labelled,-0.25489224668374916,5,9
sleep quality,-0.25489224668374916,5,9
the date,-0.25489224668374916,5,9
replace the,-0.25489224668374916,5,9
home remedy,-0.25489224668374916,5,9
near the,-0.25489224668374916,5,9
driving is,-0.25489224668374916,5,9
the five,-0.25489224668374916,5,9
statistic,-0.25489224668374916,5,9
registration,-0.25489224668374916,5,9
seals,-0.25489224668374916,5,9
not every,-0.25489224668374916,5,9
aging,-0.25489224668374916,5,9
airlines,-0.25489224668374916,5,9
the other,-0.25489224668374916,5,9
alerts,-0.25489224668374916,5,9
dirt,-0.25489224668374916,5,9
flexibility,-0.25489224668374916,5,9
in very,-0.25489224668374916,5,9
approved,-0.25489224668374916,5,9
is needed,-0.2623042659022344,18,29
room,-0.2637830974835262,24,38
deposit,-0.26861357525374535,12,20
solution,-0.26861357525374535,12,20
tool,-0.26861357525374535,12,20
the engine,-0.26861357525374535,12,20
container,-0.26861357525374535,12,20
the correct,-0.26861357525374535,12,20
made,-0.274545143050425,10,17
gives,-0.274545143050425,10,17
mode,-0.274545143050425,10,17
uneven,-0.274545143050425,10,17
and does,-0.274545143050425,10,17
gains,-0.28433130123450573,8,14
meals,-0.28433130123450573,8,14
cuts,-0.28433130123450573,8,14
mixed and,-0.28433130123450573,8,14
has not,-0.28433130123450573,8,14
joint,-0.28433130123450573,8,14
ratio,-0.28433130123450573,8,14
based,-0.2888177941498573,116,173
full,-0.29152251255542777,50,77
but many,-0.2932300568506832,25,40
is an,-0.29367129468387376,27,43
treat,-0.2937129444780699,21,34
level,-0.2937129444780699,21,34
timing,-0.2967442628152659,33,52
is real,-0.29700545352848134,17,28
liver,-0.29700545352848134,17,28
content,-0.3003279346703032,15,25
dynamic,-0.3003279346703032,15,25
because the,-0.3003279346703032,15,25
back pain,-0.3009004957483753,6,11
updates,-0.3009004957483753,6,11
not from,-0.3009004957483753,6,11
charged,-0.3009004957483753,6,11
local law,-0.3009004957483753,6,11
type of,-0.3009004957483753,6,11
dirty,-0.3009004957483753,6,11
post,-0.3009004957483753,6,11
police,-0.3009004957483753,6,11
stays,-0.3009004957483753,6,11
water or,-0.3009004957483753,6,11
residues,-0.3009004957483753,6,11
elimination,-0.3009004957483753,6,11
durable,-0.3009004957483753,6,11
intensity,-0.3009004957483753,6,11
seconds,-0.3009004957483753,6,11
professionals,-0.3009004957483753,6,11
birds,-0.3009004957483753,6,11
may also,-0.3009004957483753,6,11
every miles,-0.3009004957483753,6,11
though it,-0.3009004957483753,6,11
dish soap,-0.3009004957483753,6,11
in cold,-0.3009004957483753,6,11
mixing,-0.3009004957483753,6,11
emotional,-0.3009004957483753,6,11
not as,-0.3053547381649314,13,22
advice is,-0.3053547381649314,13,22
solid,-0.3053547381649314,13,22
i'm,-0.3053547381649314,13,22
test is,-0.312850869781643,11,19
small and,-0.312850869781643,11,19
rice,-0.312850869781643,11,19
abrasive,-0.312850869781643,11,19
is only,-0.312850869781643,11,19
based on,-0.31385786497271295,114,171
weeks,-0.323103822721063,36,57
any,-0.32343599961043007,131,196
can give,-0.32411702227627764,9,16
drying,-0.32411702227627764,9,16
leach,-0.32411702227627764,9,16
stretching before,-0.32411702227627764,9,16
electric,-0.32411702227627764,9,16
rain,-0.32411702227627764,9,16
rule of,-0.32411702227627764,9,16
charging,-0.32809879786609947,44,69
brand,-0.32900243976192045,18,30
management,-0.32900243976192045,18,30
using,-0.32929295673237224,80,122
show modest,-0.33126536927884953,4,8
preserves,-0.33126536927884953,4,8
assuming,-0.33126536927884953,4,8
used correctly,-0.33126536927884953,4,8
start with,-0.33126536927884953,4,8
light from,-0.33126536927884953,4,8
to water,-0.33126536927884953,4,8
loss and,-0.33126536927884953,4,8
that you,-0.33126536927884953,4,8
warmer,-0.33126536927884953,4,8
remaining,-0.33126536927884953,4,8
it at,-0.33126536927884953,4,8
reliable indicator,-0.33126536927884953,4,8
sealing,-0.33126536927884953,4,8
with an,-0.33126536927884953,4,8
comfortable,-0.33126536927884953,4,8
recall,-0.33126536927884953,4,8
assessment,-0.33126536927884953,4,8
damage and,-0.33126536927884953,4,8
scams,-0.33126536927884953,4,8
wary,-0.33126536927884953,4,8
adult,-0.33126536927884953,4,8
five stages,-0.33126536927884953,4,8
according to,-0.33126536927884953,4,8
small amount,-0.33126536927884953,4,8
slightly more,-0.33126536927884953,4,8
disease or,-0.33126536927884953,4,8
gut,-0.33126536927884953,4,8
water with,-0.33126536927884953,4,8
go to,-0.33126536927884953,4,8
season and,-0.33126536927884953,4,8
water may,-0.33126536927884953,4,8
according,-0.33126536927884953,4,8
company's,-0.33126536927884953,4,8
issues but,-0.33126536927884953,4,8
is useful,-0.33126536927884953,4,8
studies suggest,-0.3334303979920573,16,27
brands,-0.33960985398061283,14,24
milk,-0.33960985398061283,14,24
storage,-0.33960985398061283,14,24
follow your,-0.33960985398061283,14,24
media,-0.34157481378953597,7,13
more about,-0.34157481378953597,7,13
landlords,-0.34157481378953597,7,13
fabric,-0.34157481378953597,7,13
data and,-0.34157481378953597,7,13
the oil,-0.34157481378953597,7,13
during the,-0.34157481378953597,7,13
knee,-0.34157481378953597,7,13
hardness,-0.34157481378953597,7,13
drops,-0.34157481378953597,7,13
liquid,-0.34157481378953597,7,13
and are,-0.34157481378953597,7,13
warm-ups,-0.34157481378953597,7,13
not usually,-0.34157481378953597,7,13
for normal,-0.34157481378953597,7,13
dynamic warm-ups,-0.34157481378953597,7,13
fixed,-0.3471263356481824,31,50
disease,-0.34731842853514644,37,59
oil,-0.34750261402826543,178,265
occasional,-0.34824736900926856,12,21
run,-0.34824736900926856,12,21
context,-0.34824736900926856,12,21
and many,-0.34824736900926856,12,21
affect,-0.3516231569701821,47,74
location,-0.3523992498507303,23,38
which can,-0.3523992498507303,23,38
water and,-0.3523992498507303,23,38
lower,-0.35405511996206407,72,111
strict,-0.35537369650720557,21,35
properties,-0.3593703619269717,19,32
morning,-0.3604905967595686,10,18
are the,-0.3604905967595686,10,18
moisture and,-0.3604905967595686,10,18
poor,-0.3646913570384458,17,29
water in,-0.37037001474365877,5,10
not well,-0.37037001474365877,5,10
exact percentage,-0.37037001474365877,5,10
celiac disease,-0.37037001474365877,5,10
the irs,-0.37037001474365877,5,10
largely,-0.37037001474365877,5,10
total daily,-0.37037001474365877,5,10
it varies,-0.37037001474365877,5,10
in people,-0.37037001474365877,5,10
use of,-0.37037001474365877,5,10
volatile,-0.37037001474365877,5,10
or no,-0.37037001474365877,5,10
extend,-0.37037001474365877,5,10
tissue,-0.37037001474365877,5,10
reactions,-0.37037001474365877,5,10
cheap,-0.37037001474365877,5,10
the product,-0.37037001474365877,5,10
the timing,-0.37037001474365877,5,10
range is,-0.37037001474365877,5,10
tech,-0.37037001474365877,5,10
gradually,-0.37037001474365877,5,10
for written,-0.37037001474365877,5,10
over years,-0.37037001474365877,5,10
in some,-0.37096313097695444,40,64
discuss,-0.37333352207860865,30,49
infections,-0.37834844181315896,8,15
powder,-0.37834844181315896,8,15
sounds,-0.37834844181315896,8,15
exceed,-0.37834844181315896,8,15
ceramic,-0.37834844181315896,8,15
machine,-0.37834844181315896,8,15
attention,-0.37834844181315896,8,15
repeated,-0.37834844181315896,8,15
porous,-0.37834844181315896,8,15
metabolic,-0.37834844181315896,8,15
check if,-0.37834844181315896,8,15
mesh,-0.37834844181315896,8,15
tank,-0.37834844181315896,8,15
book,-0.37834844181315896,8,15
deduction,-0.37834844181315896,8,15
but may,-0.37834844181315896,8,15
apple,-0.37834844181315896,8,15
is little,-0.37834844181315896,8,15
celiac,-0.37834844181315896,8,15
equivalent,-0.37834844181315896,8,15
social,-0.38125038118020826,13,23
away,-0.38830397605273215,20,34
the most,-0.3941419332638998,11,20
filters,-0.3941419332638998,11,20
are generally,-0.3941419332638998,11,20
sunscreen,-0.3943521403654887,18,31
give,-0.39438723026006234,37,60
systems,-0.3965008660197154,33,54
concern,-0.40213766786799715,16,28
blood ph,-0.40572448479879575,6,12
charges,-0.40572448479879575,6,12
detergents,-0.40572448479879575,6,12
bring,-0.40572448479879575,6,12
cracks,-0.40572448479879575,6,12
antioxidants,-0.40572448479879575,6,12
external,-0.40572448479879575,6,12
grain-free diets,-0.40572448479879575,6,12
signals,-0.40572448479879575,6,12
virus,-0.40572448479879575,6,12
internet,-0.40572448479879575,6,12
meat,-0.40572448479879575,6,12
matching,-0.40572448479879575,6,12
production,-0.40572448479879575,6,12
the time,-0.40572448479879575,6,12
fridge,-0.40572448479879575,6,12
severe,-0.4106478282994659,23,39
must,-0.4106478282994659,23,39
link between,-0.4121233663334066,9,17
poison,-0.4121233663334066,9,17
home office,-0.4121233663334066,9,17
must be,-0.4122461674511442,14,25
matter more,-0.4122461674511442,14,25
the battery,-0.4200986118370032,34,56
easily,-0.42403611346685643,3,7
follow-up,-0.42403611346685643,3,7
overstates,-0.42403611346685643,3,7
mentioned,-0.42403611346685643,3,7
symbols,-0.42403611346685643,3,7
work in,-0.42403611346685643,3,7
uses less,-0.42403611346685643,3,7
initial,-0.42403611346685643,3,7
effects but,-0.42403611346685643,3,7
or specific,-0.42403611346685643,3,7
suppress,-0.42403611346685643,3,7
treatment the,-0.42403611346685643,3,7
agents,-0.42403611346685643,3,7
variable,-0.42403611346685643,3,7
appliance,-0.42403611346685643,3,7
mix of,-0.42403611346685643,3,7
engineering,-0.42403611346685643,3,7
in real,-0.42403611346685643,3,7
be wary,-0.42403611346685643,3,7
testing is,-0.42403611346685643,3,7
say the,-0.42403611346685643,3,7
whether it's,-0.42403611346685643,3,7
photography,-0.42403611346685643,3,7
bone,-0.42403611346685643,3,7
inherently,-0.42403611346685643,3,7
and location,-0.42403611346685643,3,7
weight and,-0.42403611346685643,3,7
play,-0.42403611346685643,3,7
ideal conditions,-0.42403611346685643,3,7
failed,-0.42403611346685643,3,7
clinical trial,-0.42403611346685643,3,7
lowers,-0.42403611346685643,3,7
can influence,-0.42403611346685643,3,7
excluded,-0.42403611346685643,3,7
not inherently,-0.42403611346685643,3,7
far below,-0.42403611346685643,3,7
calorie intake,-0.42403611346685643,3,7
calculator,-0.42403611346685643,3,7
credible evidence,-0.42403611346685643,3,7
around to,-0.42403611346685643,3,7
level and,-0.42403611346685643,3,7
important than,-0.42403611346685643,3,7
very small,-0.42403611346685643,3,7
significantly reduce,-0.42403611346685643,3,7
universally,-0.42556411067224675,12,22
tires,-0.42556411067224675,12,22
magnesium,-0.42556411067224675,12,22
applying,-0.42556411067224675,12,22
contain,-0.4279846835689567,28,47
payment,-0.43095412960000756,17,30
travel,-0.43095412960000756,17,30
wrap,-0.436662010112796,24,41
inquiry,-0.43823734913320445,7,14
cancer risk,-0.43823734913320445,7,14
time but,-0.43823734913320445,7,14
listed,-0.43823734913320445,7,14
reset,-0.43823734913320445,7,14
relative,-0.43823734913320445,7,14
the day,-0.43823734913320445,7,14
figure,-0.4393076866734667,39,64
release,-0.44350713002075776,10,19
loan,-0.44350713002075776,10,19
right,-0.4485531214099028,31,52
eating,-0.44962174295610047,20,35
discharge,-0.4514953102125304,4,9
grains,-0.4514953102125304,4,9
authentication,-0.4514953102125304,4,9
for sleep,-0.4514953102125304,4,9
stage,-0.4514953102125304,4,9
stable,-0.4514953102125304,4,9
perceived,-0.4514953102125304,4,9
link is,-0.4514953102125304,4,9
repairs,-0.4514953102125304,4,9
and then,-0.4514953102125304,4,9
cooked,-0.4514953102125304,4,9
insurers,-0.4514953102125304,4,9
region,-0.4514953102125304,4,9
bacteria and,-0.4514953102125304,4,9
specific to,-0.4514953102125304,4,9
call the,-0.4514953102125304,4,9
and temperature,-0.4514953102125304,4,9
and there,-0.4514953102125304,4,9
less effective,-0.4514953102125304,4,9
promote,-0.4514953102125304,4,9
object,-0.4514953102125304,4,9
toxicity,-0.4514953102125304,4,9
mattress,-0.4514953102125304,4,9
the legal,-0.4514953102125304,4,9
of any,-0.4514953102125304,4,9
environment,-0.4514953102125304,4,9
office deduction,-0.4514953102125304,4,9
appears,-0.4514953102125304,4,9
recommendation is,-0.4514953102125304,4,9
supporting,-0.4514953102125304,4,9
soften,-0.4514953102125304,4,9
from screens,-0.4514953102125304,4,9
can occur,-0.4514953102125304,4,9
you see,-0.4514953102125304,4,9
action,-0.4514953102125304,4,9
cooking,-0.4521769862677053,29,49
group,-0.4551223586773572,13,24
deep,-0.4584127621433943,18,32
negative,-0.4584127621433943,18,32
schedule,-0.4584127621433943,18,32
strength,-0.4679847303583974,23,40
time,-0.46846482152382,134,206
tools,-0.4685005845366029,8,16
wool,-0.4685005845366029,8,16
because they,-0.4685005845366029,8,16
regulatory,-0.4685005845366029,8,16
months is,-0.4685005845366029,8,16
another,-0.4685005845366029,8,16
idle,-0.4685005845366029,8,16
vinegar is,-0.4685005845366029,8,16
long periods,-0.4685005845366029,8,16
stronger,-0.46934037869533723,16,29
rough,-0.4729302778872336,11,21
backup,-0.4729302778872336,11,21
door,-0.4729302778872336,11,21
best,-0.47388796192231486,71,113
minimum,-0.47552580429553903,21,37
summer,-0.4787093628499813,5,11
together,-0.4787093628499813,5,11
increase in,-0.4787093628499813,5,11
but still,-0.4787093628499813,5,11
added,-0.4787093628499813,5,11
temporarily reduce,-0.4787093628499813,5,11
to get,-0.4787093628499813,5,11
opening,-0.4787093628499813,5,11
clinical trials,-0.4787093628499813,5,11
tear,-0.4787093628499813,5,11
updated,-0.4787093628499813,5,11
cross,-0.4787093628499813,5,11
water for,-0.4787093628499813,5,11
is standard,-0.4787093628499813,5,11
manufacturer's recommendation,-0.4787093628499813,5,11
though some,-0.4787093628499813,5,11
economy,-0.4787093628499813,5,11
and compare,-0.4787093628499813,5,11
for microwave,-0.4787093628499813,5,11
pathogens,-0.4787093628499813,5,11
camera,-0.4787093628499813,5,11
starting point,-0.4787093628499813,5,11
viscosity,-0.4787093628499813,5,11
mouth,-0.4787093628499813,5,11
needed for,-0.4787093628499813,5,11
fuel economy,-0.4787093628499813,5,11
significant,-0.482047119296811,41,68
metal,-0.48467198940083583,19,34
that the,-0.48593520590870143,26,45
growth,-0.49030489855263926,35,59
though,-0.4942428594630226,52,85
finding,-0.49692537491310046,9,18
programs,-0.49692537491310046,9,18
the idea,-0.49692537491310046,9,18
you'd,-0.49692537491310046,9,18
may slightly,-0.49692537491310046,9,18
warning,-0.49692537491310046,9,18
and reduce,-0.49692537491310046,9,18
can increase,-0.49692537491310046,9,18
written,-0.5004336641956553,22,39
meaningful,-0.5007101944776673,12,23
shorter,-0.5007101944776673,12,23
using the,-0.5007101944776673,12,23
boiling,-0.5007101944776673,12,23
the liver,-0.5051224610198112,6,13
processing times,-0.5051224610198112,6,13
weight gain,-0.5051224610198112,6,13
head,-0.5051224610198112,6,13
emissions,-0.5051224610198112,6,13
window is,-0.5051224610198112,6,13
pesticide,-0.5051224610198112,6,13
among,-0.5051224610198112,6,13
network,-0.5051224610198112,6,13
immune,-0.5051224610198112,6,13
measures,-0.5051224610198112,6,13
inflation,-0.5051224610198112,6,13
dish,-0.5051224610198112,6,13
concept,-0.5051224610198112,6,13
terminal,-0.5051224610198112,6,13
show no,-0.5051224610198112,6,13
come,-0.5097001423419624,15,28
make it,-0.5097001423419624,15,28
significantly,-0.51628368097847,25,44
requires,-0.5204809626299317,32,55
reaction,-0.5238110974380271,10,20
potential,-0.5238110974380271,10,20
child,-0.5238110974380271,10,20
frequency,-0.5238110974380271,10,20
indoor,-0.5238110974380271,10,20
leaks,-0.5238110974380271,10,20
low,-0.5246825458953377,76,122
is no,-0.5254721448805386,68,110
daily,-0.5257330416910355,41,69
baking soda,-0.5258409195121208,30,52
paint,-0.5270883285670948,13,25
in most,-0.5270883285670948,13,25
plastic wrap,-0.5270883285670948,13,25
fresh,-0.5270883285670948,13,25
in writing,-0.5305961234349574,7,15
them to,-0.5305961234349574,7,15
intended,-0.5305961234349574,7,15
length,-0.5305961234349574,7,15
about the,-0.5305961234349574,7,15
safe the,-0.5305961234349574,7,15
encryption,-0.5305961234349574,7,15
fasting,-0.5305961234349574,7,15
issue,-0.5340961288715865,21,38
than the,-0.5351106502837839,16,30
by the,-0.5351106502837839,16,30
you want,-0.5374167093878034,48,80
reducing,-0.5392407352223834,26,46
leak,-0.5476308923710076,24,43
weight,-0.5484556658759734,57,94
bigger,-0.5489461223350235,3,8
specialist,-0.5489461223350235,3,8
kills,-0.5489461223350235,3,8
your country,-0.5489461223350235,3,8
safety agencies,-0.5489461223350235,3,8
guidelines from,-0.5489461223350235,3,8
benchmarks,-0.5489461223350235,3,8
principle,-0.5489461223350235,3,8
at or,-0.5489461223350235,3,8
electromagnetic,-0.5489461223350235,3,8
psychological,-0.5489461223350235,3,8
not definitive,-0.5489461223350235,3,8
applicant,-0.5489461223350235,3,8
with synthetic,-0.5489461223350235,3,8
and ask,-0.5489461223350235,3,8
moisturizer,-0.5489461223350235,3,8
that figure,-0.5489461223350235,3,8
infant,-0.5489461223350235,3,8
for long-term,-0.5489461223350235,3,8
reliable than,-0.5489461223350235,3,8
in that,-0.5489461223350235,3,8
sensors,-0.5489461223350235,3,8
find that,-0.5489461223350235,3,8
over the,-0.5489461223350235,3,8
an association,-0.5489461223350235,3,8
linking,-0.5489461223350235,3,8
market data,-0.5489461223350235,3,8
is typically,-0.5489461223350235,3,8
translate,-0.5489461223350235,3,8
optimized,-0.5489461223350235,3,8
resting,-0.5489461223350235,3,8
indicates,-0.5489461223350235,3,8
intermittent,-0.5489461223350235,3,8
vessels,-0.5489461223350235,3,8
is associated,-0.5489461223350235,3,8
drivers,-0.5489461223350235,3,8
is higher,-0.5489461223350235,3,8
be replaced,-0.5489461223350235,3,8
show the,-0.5489461223350235,3,8
though not,-0.5489461223350235,3,8
without the,-0.5489461223350235,3,8
vendor,-0.5489461223350235,3,8
men,-0.5489461223350235,3,8
blood vessels,-0.5489461223350235,3,8
cycle,-0.5493837551939631,11,22
especially in,-0.5493837551939631,11,22
days,-0.5532593407461982,38,65
consistent,-0.5540647599700259,29,51
fluoride,-0.5551312844057896,8,17
additives,-0.5551312844057896,8,17
mileage,-0.5551312844057896,8,17
expenses,-0.5551312844057896,8,17
be safe,-0.5551312844057896,8,17
tested,-0.5574642948054146,22,40
weather,-0.5574642948054146,22,40
charge,-0.5589569404773752,47,79
and cannot,-0.5633409433291628,4,10
fall,-0.5633409433291628,4,10
specified,-0.5633409433291628,4,10
which may,-0.5633409433291628,4,10
that's more,-0.5633409433291628,4,10
where you,-0.5633409433291628,4,10
trying,-0.5633409433291628,4,10
warranties,-0.5633409433291628,4,10
claimed,-0.5633409433291628,4,10
manager,-0.5633409433291628,4,10
unsafe,-0.5633409433291628,4,10
is some,-0.5633409433291628,4,10
marginal,-0.5633409433291628,4,10
risk from,-0.5633409433291628,4,10
coat,-0.5633409433291628,4,10
in dogs,-0.5633409433291628,4,10
or local,-0.5633409433291628,4,10
diseases,-0.5633409433291628,4,10
field,-0.5633409433291628,4,10
patient,-0.5633409433291628,4,10
behavioral,-0.5633409433291628,4,10
employer,-0.5633409433291628,4,10
solar,-0.5633409433291628,4,10
empty,-0.5633409433291628,4,10
sidewall,-0.5633409433291628,4,10
that has,-0.5633409433291628,4,10
antibacterial,-0.5633409433291628,4,10
annually,-0.5633409433291628,4,10
the filter,-0.5633409433291628,4,10
source for,-0.5633409433291628,4,10
temperature,-0.566229605052943,58,96
considered,-0.5690695975419018,20,37
inspection,-0.5690695975419018,20,37
not universal,-0.5700735681741789,25,45
later,-0.5700735681741789,25,45
vitamin,-0.5732598657943346,39,67
aware of,-0.5787768902080012,9,19
used in,-0.5787768902080012,9,19
effectiveness,-0.5787768902080012,9,19
you'd need,-0.5808504452413555,5,12
closing,-0.5808504452413555,5,12
overheating,-0.5808504452413555,5,12
wake,-0.5808504452413555,5,12
remedies,-0.5808504452413555,5,12
outdoor,-0.5808504452413555,5,12
for healthy,-0.5808504452413555,5,12
labor,-0.5808504452413555,5,12
robust,-0.5808504452413555,5,12
box,-0.5808504452413555,5,12
anywhere,-0.5808504452413555,5,12
behind,-0.5808504452413555,5,12
metals,-0.5808504452413555,5,12
effect but,-0.5808504452413555,5,12
very high,-0.5808504452413555,5,12
no benefit,-0.5808504452413555,5,12
fair,-0.5808504452413555,5,12
grease,-0.5808504452413555,5,12
your owner's,-0.5828860483670578,18,34
manual,-0.5872459787131041,104,166
brain,-0.5917117742992933,21,39
remains,-0.5996995539430592,6,14
specifications,-0.5996995539430592,6,14
magic,-0.5996995539430592,6,14
tenancy,-0.5996995539430592,6,14
regulates,-0.5996995539430592,6,14
cut,-0.5996995539430592,6,14
identify,-0.5996995539430592,6,14
melatonin,-0.5996995539430592,6,14
they have,-0.5996995539430592,6,14
meeting,-0.5996995539430592,6,14
rot,-0.5996995539430592,6,14
often use,-0.5996995539430592,6,14
also consider,-0.5996995539430592,6,14
is mostly,-0.601596301041467,10,21
bacteria,-0.6019136419869207,24,44
are more,-0.6040818574404558,29,52
starting,-0.6054632858282908,19,36
ph,-0.6129576994000656,27,49
occur,-0.6190673483008512,7,16
building,-0.6190673483008512,7,16
you the,-0.6190673483008512,7,16
reason to,-0.6190673483008512,7,16
style,-0.6190673483008512,7,16
some small,-0.6190673483008512,7,16
when,-0.619624134595977,82,134
duration,-0.6218360343765051,17,33
power,-0.6231230659096187,25,46
lithium-ion,-0.6236542782342435,11,23
calcium,-0.6236542782342435,11,23
line,-0.6236542782342435,11,23
little,-0.6363805930466442,33,59
historical,-0.6385411654592131,8,18
behavior,-0.6385411654592131,8,18
corrosion,-0.6385411654592131,8,18
jobs,-0.6385411654592131,8,18
blood,-0.639640334976742,47,81
city,-0.6415702310773653,15,30
designed,-0.6415702310773653,15,30
wear,-0.641871320485812,38,67
failure,-0.6450119962115911,12,25
mile,-0.6450119962115911,12,25
up,-0.6457922050461752,54,92
soda,-0.6557047579768704,34,61
absorption,-0.657903362431204,9,20
coolant,-0.657903362431204,9,20
come from,-0.657903362431204,9,20
wet,-0.662618172478404,16,32
are very,-0.6639125030947557,3,9
not reduce,-0.6639125030947557,3,9
private,-0.6639125030947557,3,9
counts,-0.6639125030947557,3,9
hands,-0.6639125030947557,3,9
top,-0.6639125030947557,3,9
special,-0.6639125030947557,3,9
exposure and,-0.6639125030947557,3,9
tannins,-0.6639125030947557,3,9
texts,-0.6639125030947557,3,9
study and,-0.6639125030947557,3,9
pricing,-0.6639125030947557,3,9
itself is,-0.6639125030947557,3,9
safe correct,-0.6639125030947557,3,9
research the,-0.6639125030947557,3,9
lacks,-0.6639125030947557,3,9
enforcement,-0.6639125030947557,3,9
or in,-0.6639125030947557,3,9
or poor,-0.6639125030947557,3,9
exclusive,-0.6639125030947557,3,9
not in,-0.6639125030947557,3,9
partly,-0.6639125030947557,3,9
people who,-0.6639125030947557,3,9
toxic to,-0.6639125030947557,3,9
urgent,-0.6639125030947557,3,9
says,-0.6642788115507804,19,37
humidity,-0.6657253583525411,13,27
brake,-0.6657253583525411,13,27
detergent,-0.6657253583525411,13,27
stages,-0.6657253583525411,13,27
emit,-0.668055012937001,4,11
attachment,-0.668055012937001,4,11
no consistent,-0.668055012937001,4,11
stored,-0.668055012937001,4,11
hiring,-0.668055012937001,4,11
hypertension,-0.668055012937001,4,11
per year,-0.668055012937001,4,11
pipe,-0.668055012937001,4,11
embassy or,-0.668055012937001,4,11
oil more,-0.668055012937001,4,11
low light,-0.668055012937001,4,11
poison control,-0.668055012937001,4,11
suspension,-0.668055012937001,4,11
focused,-0.668055012937001,4,11
sweating,-0.668055012937001,4,11
and sleep,-0.668055012937001,4,11
steaming,-0.668055012937001,4,11
particles,-0.668055012937001,4,11
wireless,-0.668055012937001,4,11
light and,-0.668055012937001,4,11
recycling,-0.668055012937001,4,11
used for,-0.668055012937001,4,11
limited evidence,-0.668055012937001,4,11
injury risk,-0.668055012937001,4,11
foods,-0.668902924784026,22,42
product,-0.668902924784026,22,42
there is,-0.6726069934276374,100,163
evidence for,-0.6730019028776723,30,55
jurisdiction,-0.6770369247487757,10,22
dates,-0.6770369247487757,10,22
steam,-0.6770369247487757,10,22
landlord,-0.6775617877217834,5,13
wear and,-0.6775617877217834,5,13
healthy people,-0.6775617877217834,5,13
feeding,-0.6775617877217834,5,13
managers,-0.6775617877217834,5,13
replaced,-0.6775617877217834,5,13
diets,-0.6845330186586904,20,39
base,-0.6899665752346076,6,15
the full,-0.6899665752346076,6,15
species,-0.6899665752346076,6,15
order,-0.6899665752346076,6,15
but evidence,-0.6899665752346076,6,15
become,-0.6899665752346076,6,15
and local,-0.6899665752346076,6,15
exists,-0.6899665752346076,6,15
leather,-0.6899665752346076,6,15
the original,-0.6899665752346076,6,15
historians,-0.6899665752346076,6,15
structure,-0.6899665752346076,6,15
most manufacturers,-0.6899665752346076,6,15
usage,-0.6899665752346076,6,15
instructions,-0.6958797158887489,11,24
whether the,-0.6958797158887489,11,24
for all,-0.6958797158887489,11,24
areas,-0.6958797158887489,11,24
improves,-0.6958797158887489,11,24
the leak,-0.704010637401609,7,17
inquiries,-0.704010637401609,7,17
allergy,-0.704010637401609,7,17
transmission,-0.704010637401609,7,17
commercial,-0.704010637401609,7,17
mix,-0.704010637401609,7,17
grain-free,-0.704010637401609,7,17
charcoal,-0.704010637401609,7,17
caffeine,-0.7042149983060101,21,41
multiple labels,-0.7139548002111027,27,51
major,-0.7139548002111027,27,51
thickness,-0.7144007313173424,12,26
complex,-0.7189945961307214,8,19
tasks,-0.7189945961307214,8,19
output,-0.7189945961307214,8,19
soreness,-0.7189945961307214,8,19
function,-0.7189945961307214,8,19
the difference,-0.7189945961307214,8,19
sealed,-0.7189945961307214,8,19
effect is,-0.7195176638067615,35,64
in many,-0.7220952366567919,19,38
recommendation,-0.7233702173290256,22,43
which is,-0.7244767038086664,16,33
activity,-0.7244767038086664,16,33
large,-0.730320437696262,50,88
noise,-0.7325871036119846,13,28
suggest,-0.735845133303378,48,85
are,-0.7364756295941344,700,1046
claim is,-0.7367041130915283,55,96
sometimes,-0.738507159708412,41,74
mostly,-0.740862228832313,20,40
each,-0.7420384725966704,23,45
especially,-0.7481375478320769,67,115
small studies,-0.750290021390337,10,23
is small,-0.750290021390337,10,23
provides,-0.7504366900054721,14,30
soft,-0.7591662275953122,21,42
children,-0.7602548279910555,24,47
static stretching,-0.7661855227526739,11,25
net,-0.7666312941294385,4,12
be caused,-0.7666312941294385,4,12
respiratory,-0.7666312941294385,4,12
recharge,-0.7666312941294385,4,12
highway,-0.7666312941294385,4,12
enzymes,-0.7666312941294385,4,12
replacement is,-0.7666312941294385,4,12
core,-0.7666312941294385,4,12
many jurisdictions,-0.7666312941294385,4,12
up the,-0.7666312941294385,4,12
molecules,-0.7666312941294385,4,12
is on,-0.7666312941294385,4,12
recruiters,-0.7666312941294385,4,12
throughput,-0.7666312941294385,4,12
hydrogen,-0.7666312941294385,4,12
normal driving,-0.7666312941294385,4,12
of water,-0.7666312941294385,4,12
the food,-0.7666312941294385,4,12
occurs,-0.7666312941294385,4,12
that,-0.7666735499753281,761,1137
have not,-0.767953704492588,15,32
cardiovascular,-0.7694788108088052,5,14
carbon,-0.7694788108088052,5,14
maximum,-0.7694788108088052,5,14
after the,-0.7694788108088052,5,14
while others,-0.7694788108088052,5,14
gluten sensitivity,-0.7694788108088052,5,14
women,-0.7694788108088052,5,14
structural,-0.7694788108088052,5,14
break down,-0.7694788108088052,5,14
dishwasher,-0.7694788108088052,5,14
that should,-0.7694788108088052,5,14
meets,-0.7694788108088052,5,14
and look,-0.7694788108088052,5,14
lack of,-0.7706468177971078,3,10
the range,-0.7706468177971078,3,10
warnings,-0.7706468177971078,3,10
warns,-0.7706468177971078,3,10
stability,-0.7706468177971078,3,10
suggested,-0.7706468177971078,3,10
is conservative,-0.7706468177971078,3,10
not specific,-0.7706468177971078,3,10
breakdown,-0.7706468177971078,3,10
extended,-0.7706468177971078,3,10
muscle soreness,-0.7706468177971078,3,10
speakers,-0.7706468177971078,3,10
ticket,-0.7706468177971078,3,10
to reach,-0.7706468177971078,3,10
for reducing,-0.7706468177971078,3,10
which are,-0.7706468177971078,3,10
volts,-0.7706468177971078,3,10
exposed to,-0.7706468177971078,3,10
forum,-0.7706468177971078,3,10
in certain,-0.7706468177971078,3,10
soil,-0.7717599182141518,38,70
regular,-0.7746575902415892,48,86
household,-0.7763582167551213,6,16
includes,-0.7763582167551213,6,16
commonly,-0.7763582167551213,6,16
software,-0.7763582167551213,6,16
classic,-0.7763582167551213,6,16
variation,-0.7763582167551213,6,16
vary by,-0.7811213421603131,28,54
factors,-0.7811213421603131,28,54
wifi,-0.7851460784904267,16,34
the current,-0.7857385819875192,7,18
you find,-0.7857385819875192,7,18
dead,-0.7857385819875192,7,18
exposed,-0.7857385819875192,7,18
diagnostic,-0.7857385819875192,7,18
it uses,-0.7873743325544856,2,8
info,-0.7873743325544856,2,8
height and,-0.7873743325544856,2,8
are typically,-0.7873743325544856,2,8
next,-0.7873743325544856,2,8
history and,-0.7873743325544856,2,8
may make,-0.7873743325544856,2,8
changes are,-0.7873743325544856,2,8
vehicle's,-0.7873743325544856,2,8
small sample,-0.7873743325544856,2,8
heat can,-0.7873743325544856,2,8
evidence on,-0.7873743325544856,2,8
outperform,-0.7873743325544856,2,8
the who,-0.7873743325544856,2,8
tend to,-0.7873743325544856,2,8
credit card,-0.7873743325544856,2,8
tend,-0.7873743325544856,2,8
that many,-0.7873743325544856,2,8
properties and,-0.7873743325544856,2,8
interventions,-0.7873743325544856,2,8
on any,-0.7873743325544856,2,8
platforms,-0.7873743325544856,2,8
sets,-0.7873743325544856,2,8
delayed,-0.7873743325544856,2,8
test can,-0.7873743325544856,2,8
enter,-0.7873743325544856,2,8
common in,-0.7873743325544856,2,8
best source,-0.7873743325544856,2,8
differences in,-0.7873743325544856,2,8
found an,-0.7873743325544856,2,8
planning,-0.7873743325544856,2,8
the concept,-0.7873743325544856,2,8
the consensus,-0.7873743325544856,2,8
log,-0.7873743325544856,2,8
translate to,-0.7873743325544856,2,8
or an,-0.7873743325544856,2,8
young,-0.7873743325544856,2,8
difference,-0.7945124432577696,23,46
main,-0.7954527719014901,26,51
average,-0.7954527719014901,26,51
varies by,-0.7963014557706962,20,41
active,-0.7963014557706962,20,41
signs,-0.7967251505227574,8,20
rarely,-0.7967251505227574,8,20
five,-0.7967251505227574,8,20
if not,-0.7967251505227574,8,20
sitting,-0.7979258697245498,13,29
caused by,-0.7979258697245498,13,29
heavy,-0.7979258697245498,13,29
never,-0.8020238359825982,17,36
slightly,-0.8041760639821977,57,101
but they,-0.8064130103370002,50,90
associated with,-0.80876416198219,9,22
patterns,-0.80876416198219,9,22
indicator,-0.80876416198219,9,22
statements,-0.80876416198219,9,22
year,-0.8124868627912948,27,53
against,-0.8131900225636858,48,87
chemical,-0.8136555835549328,14,31
plastics,-0.8136555835549328,14,31
official,-0.8150228755752396,67,117
companies,-0.8214976289876723,10,24
screen,-0.8214976289876723,10,24
gas,-0.8214976289876723,10,24
compare,-0.8283547038505766,25,50
chronic,-0.8346861461515784,11,26
you to,-0.8346861461515784,11,26
muscle,-0.8348803604767573,19,40
vary,-0.8395154246630169,71,124
moisture,-0.844031710730638,45,83
depending,-0.8447686510604905,26,52
depending on,-0.8447686510604905,26,52
combining,-0.8517174137721091,35,67
rule,-0.8523173487316594,81,140
and how,-0.857132331775848,5,15
improvements,-0.857132331775848,5,15
not standard,-0.857132331775848,5,15
lack,-0.857132331775848,5,15
volume,-0.857132331775848,5,15
measurement,-0.857132331775848,5,15
per day,-0.857132331775848,5,15
not fully,-0.857132331775848,5,15
film,-0.857132331775848,5,15
paste,-0.857132331775848,5,15
measurements,-0.857132331775848,5,15
accounts,-0.857132331775848,5,15
is less,-0.8592471566008612,6,17
the manufacturer,-0.8592471566008612,6,17
dedicated,-0.8592471566008612,6,17
meal,-0.8592471566008612,6,17
not significantly,-0.859870245210206,4,13
in children,-0.859870245210206,4,13
your home,-0.859870245210206,4,13
labelled microwave,-0.859870245210206,4,13
varies widely,-0.859870245210206,4,13
immigration,-0.859870245210206,4,13
showed,-0.859870245210206,4,13
between and,-0.859870245210206,4,13
that sounds,-0.859870245210206,4,13
benefit from,-0.859870245210206,4,13
than boiling,-0.859870245210206,4,13
stretching,-0.8599378730622991,17,37
strain,-0.8622874306421642,24,49
the main,-0.8622874306421642,24,49
early,-0.863920395587688,33,64
but that,-0.8645244305365875,7,19
error,-0.8645244305365875,7,19
automatic,-0.8645244305365875,7,19
compounds,-0.8645244305365875,7,19
store,-0.8645244305365875,7,19
exist,-0.8645244305365875,7,19
housing,-0.8645244305365875,7,19
trips,-0.870453951039137,3,11
trials have,-0.870453951039137,3,11
observational studies,-0.870453951039137,3,11
errors,-0.870453951039137,3,11
may require,-0.870453951039137,3,11
cleaned,-0.870453951039137,3,11
is folk,-0.870453951039137,3,11
can produce,-0.870453951039137,3,11
persistent,-0.870453951039137,3,11
effective than,-0.870453951039137,3,11
and individual,-0.870453951039137,3,11
products are,-0.870453951039137,3,11
technical,-0.870453951039137,3,11
caused,-0.8755671125518348,14,32
cases,-0.8755671125518348,14,32
remedy,-0.8755671125518348,14,32
working,-0.8808399907365702,9,23
authority,-0.8808399907365702,9,23
conservative,-0.8808399907365702,9,23
used,-0.881729441991126,55,100
normal,-0.883472032991751,60,108
high,-0.8855588701795415,88,152
many,-0.8873657161170239,310,487
the standard,-0.8907885786796405,10,25
mineral,-0.8907885786796405,10,25
security,-0.8922045716622357,29,58
performance,-0.8922045716622357,29,58
mild,-0.8934841750840633,26,53
given,-0.8947245614868518,2,9
included,-0.8947245614868518,2,9
in their,-0.8947245614868518,2,9
your state's,-0.8947245614868518,2,9
association between,-0.8947245614868518,2,9
asking,-0.8947245614868518,2,9
elevated,-0.8947245614868518,2,9
self-reported,-0.8947245614868518,2,9
eligibility,-0.8947245614868518,2,9
authorities,-0.8947245614868518,2,9
parents,-0.8947245614868518,2,9
human studies,-0.8947245614868518,2,9
from reputable,-0.8947245614868518,2,9
decades,-0.8947245614868518,2,9
movement and,-0.8947245614868518,2,9
they also,-0.8947245614868518,2,9
cure the,-0.8947245614868518,2,9
for chronic,-0.8947245614868518,2,9
via,-0.8947245614868518,2,9
not typical,-0.8947245614868518,2,9
of ophthalmology,-0.8947245614868518,2,9
research and,-0.8947245614868518,2,9
normal use,-0.8947245614868518,2,9
benchmark,-0.8947245614868518,2,9
modern engines,-0.8947245614868518,2,9
standardized,-0.8947245614868518,2,9
attributed,-0.8947245614868518,2,9
synthetic oils,-0.8947245614868518,2,9
attributed to,-0.8947245614868518,2,9
stages model,-0.8947245614868518,2,9
physiology,-0.8947245614868518,2,9
damage to,-0.8947245614868518,2,9
the owner's,-0.8947245614868518,2,9
vegetable,-0.8947245614868518,2,9
for weeks,-0.8947245614868518,2,9
efficacy,-0.8947245614868518,2,9
small or,-0.8947245614868518,2,9
both,-0.8980040819144374,46,86
policy,-0.9086866286814197,27,55
heat,-0.9106156368030548,52,96
application,-0.9127212908415503,12,29
policies,-0.9127212908415503,12,29
physical,-0.9127212908415503,12,29
acidic,-0.9305146228663929,18,40
static,-0.9362324753000159,14,33
correctly,-0.9389551061895266,6,18
survey,-0.9389551061895266,6,18
salary,-0.9389551061895266,6,18
role,-0.9389551061895266,6,18
prolonged,-0.9389551061895266,6,18
at night,-0.9389551061895266,6,18
reasonable,-0.9396250728779295,38,74
many modern,-0.9406082953307061,7,20
count,-0.9406082953307061,7,20
consumption,-0.9406082953307061,7,20
rent,-0.9406082953307061,7,20
food and,-0.9406082953307061,7,20
contact the,-0.9409699595123043,5,16
consistency,-0.9409699595123043,5,16
visual,-0.9409699595123043,5,16
existing,-0.9409699595123043,5,16
modest and,-0.9409699595123043,5,16
mg,-0.9409699595123043,5,16
to change,-0.9409699595123043,5,16
bird,-0.9409699595123043,5,16
deductions,-0.9409699595123043,5,16
drug,-0.9409699595123043,5,16
within,-0.9416158250668192,26,54
with no,-0.944824155073301,8,22
fruit,-0.944824155073301,8,22
humans,-0.944824155073301,8,22
blood pressure,-0.944824155073301,8,22
differences,-0.944824155073301,8,22
uv,-0.944824155073301,8,22
interference,-0.944824155073301,8,22
embassy,-0.944824155073301,8,22
intervals,-0.9476930313734381,23,49
maintenance,-0.9483122958648643,15,35
fluency,-0.9484254100857531,4,14
smart,-0.9484254100857531,4,14
quality and,-0.9484254100857531,4,14
worn,-0.9484254100857531,4,14
thin,-0.9484254100857531,4,14
climate and,-0.9484254100857531,4,14
accidental,-0.9484254100857531,4,14
but not,-0.9497135137627029,111,190
bed,-0.9508789172392418,9,24
nitrogen,-0.9508789172392418,9,24
associated,-0.9508789172392418,9,24
idea,-0.9517908445984989,33,66
code,-0.9575869719613841,20,44
extreme,-0.9582800452015834,10,26
gain,-0.9582800452015834,10,26
eyes,-0.9643501532845483,3,12
for adults,-0.9643501532845483,3,12
assumptions,-0.9643501532845483,3,12
long as,-0.9643501532845483,3,12
and using,-0.9643501532845483,3,12
the surface,-0.9643501532845483,3,12
conflict,-0.9643501532845483,3,12
feet,-0.9666817473378373,11,28
plastic,-0.9700837150377404,28,58
climate,-0.9758349533114983,12,30
pressure,-0.9801741537121516,57,106
hard,-0.9812135473012654,32,65
intake,-0.9842486515209717,22,48
support,-0.9881824500670849,47,90
absorbs,-0.9943824760469474,2,10
on climate,-0.9943824760469474,2,10
oil and,-0.9943824760469474,2,10
over-the-counter,-0.9943824760469474,2,10
pets,-0.9943824760469474,2,10
repaired,-0.9943824760469474,2,10
studies are,-0.9943824760469474,2,10
none,-0.9943824760469474,2,10
and low,-0.9943824760469474,2,10
non-celiac gluten,-0.9943824760469474,2,10
cold weather,-0.9943824760469474,2,10
factors like,-0.9943824760469474,2,10
stimulate,-0.9943824760469474,2,10
pediatric,-0.9943824760469474,2,10
populations,-0.9943824760469474,2,10
results are,-0.9943824760469474,2,10
meters,-0.9943824760469474,2,10
authority's,-0.9943824760469474,2,10
but most,-0.9943824760469474,2,10
components,-0.9943824760469474,2,10
preventing,-0.9943824760469474,2,10
trends,-0.9943824760469474,2,10
formulated,-0.9943824760469474,2,10
some research,-0.9943824760469474,2,10
some evidence,-0.9943824760469474,2,10
designed for,-0.9943824760469474,2,10
for years,-0.9943824760469474,2,10
is used,-0.9943824760469474,2,10
are no,-0.9943824760469474,2,10
roof,-0.9943824760469474,2,10
impact,-0.9957087346730533,14,34
rule is,-0.9974482465914133,19,43
from the,-0.9985982923585954,45,87
direct,-1.0061875409586143,15,36
eye,-1.0087807694032298,34,69
the manual,-1.009766337254544,20,45
universal rule,-1.0142022054271544,7,21
is that,-1.0142022054271544,7,21
original,-1.0142022054271544,7,21
is widely,-1.0155425268103335,8,23
cognitive,-1.0155425268103335,8,23
annual,-1.0155425268103335,8,23
irs,-1.0155425268103335,8,23
retention,-1.0157615462441492,6,19
definitive,-1.0157615462441492,6,19
homes,-1.0157615462441492,6,19
with,-1.0166688886985034,496,771
applied,-1.0213723723836745,5,17
type and,-1.0213723723836745,5,17
spf,-1.0213723723836745,5,17
board,-1.0213723723836745,5,17
additional,-1.0213723723836745,5,17
spec,-1.0213723723836745,5,17
fluid,-1.022054663897346,21,47
have,-1.0229645140635852,422,662
site,-1.0240788815822415,10,27
and sometimes,-1.032836873819955,4,15
death,-1.032836873819955,4,15
form,-1.032836873819955,4,15
interviews,-1.032836873819955,4,15
contamination,-1.032836873819955,4,15
in humans,-1.032836873819955,4,15
it likely,-1.032836873819955,4,15
folk remedy,-1.032836873819955,4,15
depression,-1.032836873819955,4,15
community,-1.032836873819955,4,15
but can,-1.032836873819955,4,15
each component,-1.032836873819955,4,15
from food,-1.032836873819955,4,15
different,-1.035152781693789,42,83
miles,-1.0387497150871576,48,93
insurance,-1.038862069347115,18,42
battery,-1.0424352272400268,110,192
country,-1.04552865990744,13,33
reputable,-1.04552865990744,13,33
voltage,-1.04552865990744,13,33
deductible,-1.053141601348293,3,13
deliberate practice,-1.053141601348293,3,13
as long,-1.053141601348293,3,13
radiofrequency,-1.053141601348293,3,13
tyre,-1.053141601348293,3,13
coatings,-1.053141601348293,3,13
effects on,-1.053141601348293,3,13
light glasses,-1.053141601348293,3,13
reviews have,-1.053141601348293,3,13
statistics,-1.053141601348293,3,13
people with,-1.0540491733987487,14,35
some,-1.0651202091452079,420,662
health,-1.0659197985098168,91,163
during,-1.0678637225408043,32,67
source,-1.0678637225408043,32,67
uses,-1.0723457052697911,16,39
larger,-1.0723457052697911,16,39
can't,-1.0767359643501624,36,74
ask for,-1.0767359643501624,36,74
interval,-1.0767359643501624,36,74
hours,-1.0823617468039268,90,162
protein,-1.0826627186450826,26,57
online,-1.0842435616135355,8,24
pattern,-1.0842435616135355,8,24
glasses,-1.0842435616135355,8,24
screens,-1.0842435616135355,8,24
but no,-1.0853603351048553,9,26
no strong,-1.085494249231699,7,22
results,-1.0862375237304993,30,64
concentration,-1.0876266458090265,2,11
document the,-1.0876266458090265,2,11
not precise,-1.0876266458090265,2,11
municipal,-1.0876266458090265,2,11
non-celiac,-1.0876266458090265,2,11
before bed,-1.0876266458090265,2,11
the federal,-1.0876266458090265,2,11
and they,-1.0876266458090265,2,11
sleep medicine,-1.0876266458090265,2,11
pain and,-1.0876266458090265,2,11
digital eye,-1.0876266458090265,2,11
contaminants,-1.0876266458090265,2,11
protein intake,-1.0876266458090265,2,11
specifies,-1.0876266458090265,2,11
at high,-1.0876266458090265,2,11
economic,-1.0876266458090265,2,11
treating,-1.0876266458090265,2,11
workplace,-1.0876266458090265,2,11
years or,-1.0876266458090265,2,11
microwave-safe,-1.0881071684401613,49,96
safest,-1.0882827722793706,10,28
covers,-1.089910698665739,6,20
can look,-1.089910698665739,6,20
degradation,-1.0926044516100968,11,30
at the,-1.0949503701925738,23,52
don't have,-1.0980244794947167,12,32
how,-1.098459065302296,31,66
individuals,-1.098665858764901,5,18
request,-1.098665858764901,5,18
sensible,-1.098665858764901,5,18
gradual,-1.098665858764901,5,18
points,-1.098665858764901,5,18
tests show,-1.098665858764901,5,18
total,-1.1061962315289646,24,54
eye strain,-1.111303612943327,14,36
sources,-1.1119077215868114,20,47
of the,-1.112297269946795,42,85
employment,-1.1135558233413427,4,16
damaged,-1.1135558233413427,4,16
cutoff,-1.1135558233413427,4,16
analysis,-1.1135558233413427,4,16
layer,-1.1135558233413427,4,16
sheet,-1.1135558233413427,4,16
when the,-1.1135558233413427,4,16
vehicles,-1.1135558233413427,4,16
no that's,-1.1135558233413427,4,16
care,-1.1181418327213428,29,63
percentage,-1.1188523903209215,15,38
often,-1.1264549272500899,297,482
night,-1.1268547844743755,16,40
filter,-1.1268547844743755,16,40
surface,-1.1286110754779852,26,58
furniture,-1.1374781800018998,3,14
vary widely,-1.1374781800018998,3,14
deliberate,-1.1374781800018998,3,14
efficiency,-1.1374781800018998,3,14
pump,-1.1374781800018998,3,14
some older,-1.1374781800018998,3,14
flow,-1.1374781800018998,3,14
protective,-1.1374781800018998,3,14
size and,-1.1374781800018998,3,14
times,-1.1428090500983707,23,53
baking,-1.1462342154311653,35,74
effects,-1.1462342154311653,35,74
yes studies,-1.1468929834113375,1,9
dental associations,-1.1468929834113375,1,9
county,-1.1468929834113375,1,9
yes and,-1.1468929834113375,1,9
generally say,-1.1468929834113375,1,9
over weeks,-1.1468929834113375,1,9
that's practical,-1.1468929834113375,1,9
no rigorous,-1.1468929834113375,1,9
that depends,-1.1468929834113375,1,9
and health,-1.1468929834113375,1,9
using only,-1.1468929834113375,1,9
screen use,-1.1468929834113375,1,9
evidence supports,-1.1468929834113375,1,9
of research,-1.1468929834113375,1,9
slight,-1.1468929834113375,1,9
as those,-1.1468929834113375,1,9
on driving,-1.1468929834113375,1,9
effect the,-1.1468929834113375,1,9
formulation,-1.1468929834113375,1,9
followed,-1.1468929834113375,1,9
often find,-1.1468929834113375,1,9
fda has,-1.1468929834113375,1,9
however the,-1.1468929834113375,1,9
the more,-1.1468929834113375,1,9
can degrade,-1.1468929834113375,1,9
shown that,-1.1468929834113375,1,9
found some,-1.1468929834113375,1,9
was small,-1.1468929834113375,1,9
see if,-1.1468929834113375,1,9
older studies,-1.1468929834113375,1,9
supports,-1.1500307188174854,9,27
statement,-1.1500307188174854,9,27
dietary,-1.1500307188174854,9,27
available,-1.1509812329645577,10,29
resistance,-1.1510609071802458,8,25
and any,-1.1546519932399992,7,23
jurisdictions,-1.1546519932399992,7,23
government,-1.1546519932399992,7,23
not found,-1.1546519932399992,7,23
text,-1.1546519932399992,7,23
manual is,-1.1572318588804207,12,33
explain the,-1.1616171385317775,6,21
single,-1.1651463872831183,40,83
certain,-1.16948273682432,37,78
link,-1.1729371456219961,30,66
labels,-1.1729371456219961,30,66
cycles,-1.1731320908231133,5,19
zinc,-1.1731320908231133,5,19
temperature and,-1.1731320908231133,5,19
but that's,-1.1731320908231133,5,19
synthetic,-1.1737257100019116,15,39
thresholds,-1.1754351133151186,2,12
ghz,-1.1754351133151186,2,12
it's based,-1.1754351133151186,2,12
potentially,-1.1754351133151186,2,12
ophthalmology,-1.1754351133151186,2,12
compound,-1.1754351133151186,2,12
user,-1.1754351133151186,2,12
strains,-1.1754351133151186,2,12
those with,-1.1754351133151186,2,12
few small,-1.1754351133151186,2,12
databases,-1.1754351133151186,2,12
detailed,-1.1754351133151186,2,12
technology,-1.1754351133151186,2,12
they usually,-1.1754351133151186,2,12
rates,-1.1900833492530178,23,54
lenses,-1.1909628762361195,4,17
sizes,-1.1909628762361195,4,17
negotiation,-1.1909628762361195,4,17
insulation,-1.1909628762361195,4,17
depth,-1.1909628762361195,4,17
thermal,-1.1909628762361195,4,17
for long,-1.1909628762361195,4,17
sudden,-1.1909628762361195,4,17
primary,-1.1909628762361195,4,17
quality,-1.1923269958602745,39,82
requirements,-1.1952405590623159,18,45
range,-1.2052802648229273,29,65
modest,-1.2093027209670906,25,58
owner's manual,-1.2112500093771537,20,49
matters more,-1.2130793908479567,11,32
blanket,-1.213122687268863,9,28
this is,-1.213122687268863,9,28
rights,-1.213122687268863,9,28
records,-1.2161153652037577,8,26
groups,-1.2161153652037577,8,26
sensor,-1.2161153652037577,8,26
the ftc,-1.2178912277853329,3,15
mixed some,-1.2178912277853329,3,15
ev,-1.2178912277853329,3,15
jump,-1.2178912277853329,3,15
covered,-1.2178912277853329,3,15
google,-1.2178912277853329,3,15
country's,-1.2178912277853329,3,15
books,-1.2178912277853329,3,15
feeders,-1.2178912277853329,3,15
labeled,-1.2178912277853329,3,15
so it,-1.2178912277853329,3,15
is to,-1.2185467006694792,13,36
sensitivity,-1.2185467006694792,13,36
relevant,-1.221825321153754,7,24
rotation,-1.221825321153754,7,24
oral,-1.231070348003403,6,22
component,-1.231070348003403,6,22
observational,-1.231070348003403,6,22
chemistry,-1.231070348003403,6,22
french,-1.231070348003403,6,22
consensus,-1.231070348003403,6,22
features,-1.231070348003403,6,22
varies,-1.2368674433624351,43,90
definitions,-1.2368820129813867,1,10
yes many,-1.2368820129813867,1,10
originated,-1.2368820129813867,1,10
service or,-1.2368820129813867,1,10
category,-1.2368820129813867,1,10
and battery,-1.2368820129813867,1,10
increasing,-1.2368820129813867,1,10
in normal,-1.2368820129813867,1,10
data from,-1.2368820129813867,1,10
rated,-1.2368820129813867,1,10
and if,-1.2368820129813867,1,10
page on,-1.2368820129813867,1,10
studies by,-1.2368820129813867,1,10
best approach,-1.2368820129813867,1,10
subsequent,-1.2368820129813867,1,10
noted,-1.2368820129813867,1,10
irs publication,-1.2368820129813867,1,10
safest approach,-1.2368820129813867,1,10
your jurisdiction,-1.2368820129813867,1,10
office,-1.2393223886378584,17,44
few,-1.241766067956471,40,85
crime,-1.2450158240279154,5,20
precise,-1.2450158240279154,5,20
inch,-1.2450158240279154,5,20
exercise,-1.2458414615390427,18,46
generally,-1.2539111190712195,93,173
such,-1.2579537645496546,30,68
generally recommend,-1.2585727340032475,2,13
glucose,-1.2585727340032475,2,13
are small,-1.2585727340032475,2,13
are less,-1.2585727340032475,2,13
risk the,-1.2585727340032475,2,13
state's,-1.2585727340032475,2,13
plausible,-1.2585727340032475,2,13
foreign,-1.2585727340032475,2,13
utility,-1.2585727340032475,2,13
prudent,-1.2585727340032475,2,13
claim may,-1.2585727340032475,2,13
every months,-1.2585727340032475,2,13
gel,-1.2585727340032475,2,13
reported,-1.2585727340032475,2,13
methodology,-1.2585727340032475,2,13
formula,-1.265381964230633,4,18
in healthy,-1.265381964230633,4,18
comparing,-1.265381964230633,4,18
best guide,-1.265381964230633,4,18
no single,-1.265381964230633,4,18
no credible,-1.265381964230633,4,18
mechanic,-1.265381964230633,4,18
human,-1.272166309427888,12,35
is based,-1.272184191086266,10,31
reduction,-1.2740884124252452,13,37
lab,-1.2770030584010976,14,39
effect,-1.2779680214294356,108,198
the safest,-1.2795164629945837,8,27
language,-1.280745142615252,15,41
term,-1.2871488056653557,7,25
and whether,-1.2871488056653557,7,25
whether,-1.2872323980977938,37,81
increases,-1.2902037377361804,17,45
dissolve,-1.2948206181112276,3,16
and that,-1.2948206181112276,3,16
can ask,-1.2948206181112276,3,16
studies and,-1.2948206181112276,3,16
allows,-1.2948206181112276,3,16
for people,-1.2948206181112276,3,16
formal,-1.2984384396522373,6,23
cleaning,-1.2998542730311653,30,69
provide,-1.310403267056118,43,92
you can,-1.310630638721609,164,288
yes if,-1.3145310231079987,5,21
digital,-1.3145310231079987,5,21
transfer,-1.3145310231079987,5,21
patients,-1.321442212836136,1,11
firms,-1.321442212836136,1,11
experiments,-1.321442212836136,1,11
allowing,-1.321442212836136,1,11
for their,-1.321442212836136,1,11
specific study,-1.321442212836136,1,11
schedules,-1.321442212836136,1,11
and consumer,-1.321442212836136,1,11
below the,-1.321442212836136,1,11
effect size,-1.321442212836136,1,11
looked,-1.321442212836136,1,11
manual manufacturer,-1.321442212836136,1,11
data on,-1.321442212836136,1,11
replacement no,-1.321442212836136,1,11
city or,-1.321442212836136,1,11
distinguish,-1.321442212836136,1,11
hours for,-1.321442212836136,1,11
showing that,-1.321442212836136,1,11
idea the,-1.321442212836136,1,11
years and,-1.321442212836136,1,11
right approach,-1.321442212836136,1,11
dermatologists,-1.321442212836136,1,11
practical,-1.3286408582559004,13,38
exactly,-1.3286408582559004,13,38
can check,-1.3303519525680796,14,40
methods,-1.3303519525680796,14,40
threshold,-1.3308341669631936,10,32
third-party,-1.3349256398120253,9,30
known,-1.3349256398120253,9,30
to the,-1.336620778259997,34,77
response,-1.3370909932149933,4,19
criteria,-1.3370909932149933,4,19
are based,-1.3370909932149933,4,19
cleaners,-1.3370909932149933,4,19
mechanical,-1.3370909932149933,4,19
wildlife,-1.3376490481030734,2,14
controlled studies,-1.3376490481030734,2,14
slightly reduce,-1.3376490481030734,2,14
warn against,-1.3376490481030734,2,14
your city,-1.3376490481030734,2,14
to find,-1.3376490481030734,2,14
will give,-1.3376490481030734,2,14
finish,-1.3376490481030734,2,14
recommend replacing,-1.3376490481030734,2,14
the world,-1.3376490481030734,2,14
english,-1.3376490481030734,2,14
title,-1.3376490481030734,2,14
above,-1.3403429639128872,17,46
engines,-1.3413637955485682,8,28
strong evidence,-1.3413637955485682,8,28
wine,-1.3413637955485682,8,28
contact,-1.3467858105978077,43,93
is about,-1.3507437009857237,7,26
don't make,-1.3507437009857237,7,26
under,-1.3545498614161604,40,88
produce,-1.361187678307976,21,54
frequently,-1.3638712223408258,6,24
it was,-1.3638712223408258,6,24
distance,-1.3638712223408258,6,24
yes for,-1.3686345732080996,3,17
your state,-1.3686345732080996,3,17
exclusions,-1.3686345732080996,3,17
reporting,-1.3686345732080996,3,17
degrade,-1.3818657811113138,5,22
independent tests,-1.3818657811113138,5,22
has been,-1.3828070135329333,12,37
established,-1.3828070135329333,12,37
include,-1.3828211429410375,14,41
measure,-1.3843578647369923,15,43
good idea,-1.3843578647369923,15,43
window,-1.386712010675373,16,45
report,-1.3870465473421372,25,62
moderate,-1.3897653713606792,17,47
and some,-1.393419819336454,18,49
suggests,-1.393419819336454,18,49
around,-1.393467966652687,36,82
emphasize,-1.4014040513748411,1,12
bureaus,-1.4014040513748411,1,12
generally find,-1.4014040513748411,1,12
in food,-1.4014040513748411,1,12
reviewed,-1.4014040513748411,1,12
contaminate,-1.4014040513748411,1,12
council,-1.4014040513748411,1,12
study is,-1.4014040513748411,1,12
blog,-1.4014040513748411,1,12
state or,-1.4014040513748411,1,12
scoring,-1.4014040513748411,1,12
version,-1.4014040513748411,1,12
development,-1.4063301303438192,4,20
property,-1.4063301303438192,4,20
probiotics,-1.4063301303438192,4,20
users,-1.4063301303438192,4,20
clinical,-1.408391905818583,28,68
the same,-1.4097572375692604,42,93
same,-1.4097572375692604,42,93
alternator,-1.4127196256747134,7,27
either,-1.4127196256747134,7,27
agency,-1.4127196256747134,7,27
experts,-1.4127196256747134,7,27
consistently,-1.4127196256747134,7,27
winter,-1.413157813725866,2,15
the model,-1.413157813725866,2,15
look up,-1.413157813725866,2,15
reduction in,-1.413157813725866,2,15
debris,-1.413157813725866,2,15
chemicals,-1.413157813725866,2,15
regulations,-1.413157813725866,2,15
mortality,-1.413157813725866,2,15
current,-1.4188005850946457,43,95
not affect,-1.4275027425921947,6,25
material,-1.4275027425921947,6,25
some studies,-1.4303009516704157,25,63
point,-1.4307848396554492,31,74
the exact,-1.4316307065367209,36,83
benefit for,-1.4396444172139395,3,18
less than,-1.4396444172139395,3,18
the general,-1.4396444172139395,3,18
headache,-1.4396444172139395,3,18
not aware,-1.4396444172139395,3,18
had,-1.4397465901192603,11,36
training,-1.4412801389456409,18,50
light,-1.4454463250109084,73,147
animal,-1.4471863032583252,5,23
no universal,-1.4471863032583252,5,23
measured,-1.4471863032583252,5,23
documentation,-1.4471863032583252,5,23
for specific,-1.4471863032583252,5,23
process,-1.4514067933026067,9,32
sodium,-1.4514067933026067,9,32
individual,-1.452724825607504,21,56
universal,-1.4544407014705996,43,96
type,-1.4566682663680084,29,71
materials,-1.4607526297129085,8,30
on the,-1.4663103319247097,112,212
reduce,-1.4725131393486266,110,209
reach,-1.4731759910778734,7,28
the study,-1.4731759910778734,7,28
types,-1.4733083200145063,4,21
define,-1.4774116785646638,1,13
general population,-1.4774116785646638,1,13
yes one,-1.4774116785646638,1,13
hr,-1.4774116785646638,1,13
driving conditions,-1.4774116785646638,1,13
strength and,-1.4774116785646638,1,13
authoritative,-1.4774116785646638,1,13
study found,-1.4774116785646638,1,13
can find,-1.4774116785646638,1,13
on testing,-1.4774116785646638,1,13
discussed,-1.4774116785646638,1,13
and safety,-1.4774116785646638,1,13
tenant rights,-1.4774116785646638,1,13
mixed results,-1.4774116785646638,1,13
gluten,-1.4852552063172946,14,43
it comes,-1.485504735337051,2,16
why,-1.485504735337051,2,16
good plan,-1.485504735337051,2,16
links,-1.485504735337051,2,16
comparison,-1.485504735337051,2,16
have found,-1.4867643947877922,13,41
compress,-1.4867643947877922,13,41
so,-1.4894802936872233,65,135
far,-1.4910638377932741,19,53
driving,-1.4923023277269778,34,81
hour,-1.4937555249309054,11,37
recent,-1.499739355228345,10,35
american dental,-1.500468642607441,0,10
cornell,-1.500468642607441,0,10
labelled if,-1.500468642607441,0,10
peer-reviewed study,-1.500468642607441,0,10
review by,-1.500468642607441,0,10
contaminate oil,-1.500468642607441,0,10
the alternator,-1.500468642607441,0,10
also ask,-1.500468642607441,0,10
their website,-1.500468642607441,0,10
establish,-1.500468642607441,0,10
department of,-1.500468642607441,0,10
discusses,-1.500468642607441,0,10
have different,-1.500468642607441,0,10
oil system,-1.500468642607441,0,10
world health,-1.500468642607441,0,10
administration,-1.500468642607441,0,10
has guidance,-1.500468642607441,0,10
sleep,-1.5049118729787196,97,189
the effect,-1.5070672212225593,36,85
website or,-1.5081157353778734,3,19
well-known,-1.5081157353778734,3,19
smoking,-1.5081157353778734,3,19
yes that's,-1.5106401591577354,5,24
design,-1.5106401591577354,5,24
internal,-1.5106401591577354,5,24
sample,-1.5106401591577354,5,24
the myth,-1.5106401591577354,5,24
percent,-1.5106401591577354,5,24
were,-1.5322032196200501,7,29
down,-1.5335307041146908,16,48
studies have,-1.5335307041146908,16,48
wise,-1.5339272124712422,15,46
adults,-1.5352827427369784,14,44
allow,-1.5377496357786622,13,42
the specific,-1.5490767740528124,23,62
there are,-1.5493514715066017,31,77
food safety,-1.5498317477609909,6,27
with water,-1.5499755970470397,1,14
search the,-1.5499755970470397,1,14
controlled trials,-1.5499755970470397,1,14
behaviour,-1.5499755970470397,1,14
evening,-1.5499755970470397,1,14
migration,-1.5499755970470397,1,14
no fixed,-1.5499755970470397,1,14
update,-1.5499755970470397,1,14
cell,-1.5499755970470397,1,14
also look,-1.5499755970470397,1,14
sheets,-1.555027366965509,2,17
world,-1.555027366965509,2,17
improved,-1.555027366965509,2,17
often cited,-1.555027366965509,2,17
nhs,-1.555027366965509,2,17
usda recommends,-1.555027366965509,2,17
publications,-1.555027366965509,2,17
nasal,-1.555027366965509,2,17
organization,-1.555027366965509,2,17
analyses,-1.555027366965509,2,17
find no,-1.555027366965509,2,17
less,-1.5568323061037874,55,120
higher,-1.5585117532407757,38,90
car,-1.5599373956798936,43,99
evidence is,-1.5682650069964073,34,83
models,-1.5723589575108536,5,25
they often,-1.5723589575108536,5,25
height,-1.5723589575108536,5,25
have specific,-1.5723589575108536,5,25
advises,-1.573710335375115,0,11
frequently after,-1.573710335375115,0,11
articles on,-1.573710335375115,0,11
on food,-1.573710335375115,0,11
require each,-1.573710335375115,0,11
fda and,-1.573710335375115,0,11
approach the,-1.573710335375115,0,11
examined,-1.573710335375115,0,11
battery manufacturers,-1.573710335375115,0,11
health organization,-1.573710335375115,0,11
has published,-1.573710335375115,0,11
replacement does,-1.573710335375115,0,11
uniform,-1.573710335375115,0,11
component to,-1.573710335375115,0,11
proteins,-1.573710335375115,0,11
adverse,-1.573710335375115,0,11
doesn't contaminate,-1.573710335375115,0,11
it yes,-1.573710335375115,0,11
american college,-1.573710335375115,0,11
normal engine,-1.573710335375115,0,11
residential,-1.573710335375115,0,11
pubmed for,-1.573710335375115,0,11
and later,-1.573710335375115,0,11
is considered,-1.573710335375115,0,11
looked at,-1.573710335375115,0,11
oil interval,-1.573710335375115,0,11
oil correct,-1.573710335375115,0,11
outline,-1.573710335375115,0,11
change engine,-1.573710335375115,0,11
ftc,-1.5742769357300972,3,20
websites,-1.5742769357300972,3,20
utilization,-1.5742769357300972,3,20
have shown,-1.5742769357300972,3,20
notes,-1.5742769357300972,3,20
i'm not,-1.5742769357300972,3,20
microwave-safe label,-1.5879292423642508,13,43
paper,-1.5898837885795718,7,30
estimates,-1.5898837885795718,7,30
then,-1.5917564122722299,23,63
and other,-1.5926383020113077,12,41
short-term,-1.5926383020113077,12,41
factor,-1.595179431807564,24,65
but is,-1.6070178570925944,10,37
mention,-1.6087359493682716,6,28
document,-1.6087359493682716,6,28
is limited,-1.6173095538546038,9,35
it's more,-1.6173095538546038,9,35
student,-1.6195078515345962,1,15
publication,-1.6195078515345962,1,15
by about,-1.6195078515345962,1,15
randomized controlled,-1.6195078515345962,1,15
conditions like,-1.6195078515345962,1,15
scores,-1.6195078515345962,1,15
similarly,-1.6195078515345962,1,15
the cochrane,-1.6195078515345962,1,15
supplementation,-1.6195078515345962,1,15
findings,-1.6220096924088707,2,18
public health,-1.6220096924088707,2,18
psychology,-1.6220096924088707,2,18
review found,-1.6220096924088707,2,18
the manufacturer's,-1.628041514839614,16,50
oils,-1.628041514839614,16,50
control,-1.6300568821776875,15,48
services,-1.6300568821776875,15,48
give you,-1.6324605611420704,5,26
visible,-1.6331026992015507,14,46
tire,-1.6331026992015507,14,46
where,-1.6373337529820424,13,44
use and,-1.6383259031268151,3,21
program,-1.6383259031268151,3,21
history,-1.6429358752125118,12,42
is mixed,-1.6429358752125118,12,42
nutrition,-1.6429358752125118,12,42
participants,-1.643692631295734,0,12
flags,-1.643692631295734,0,12
cochrane reviews,-1.643692631295734,0,12
fcc,-1.643692631295734,0,12
british journal,-1.643692631295734,0,12
references,-1.643692631295734,0,12
there isn't,-1.643692631295734,0,12
summaries,-1.643692631295734,0,12
landlord-tenant,-1.643692631295734,0,12
gov,-1.643692631295734,0,12
to show,-1.643692631295734,0,12
correct follow,-1.643692631295734,0,12
more frequently,-1.643692631295734,0,12
that's prudent,-1.643692631295734,0,12
like those,-1.643692631295734,0,12
jama,-1.643692631295734,0,12
can't point,-1.643692631295734,0,12
yes ask,-1.643692631295734,0,12
red flags,-1.643692631295734,0,12
dental association,-1.643692631295734,0,12
search pubmed,-1.643692631295734,0,12
credible,-1.646293128188449,7,31
temperatures,-1.646293128188449,7,31
veterinary,-1.6592037860828086,10,38
vaccines,-1.6592037860828086,10,38
practice,-1.6643094162975731,48,111
years,-1.6643094162975731,48,111
manufacturers recommend,-1.6662550951669897,6,29
enough to,-1.6771198480395937,15,49
yes use,-1.6863462790972794,1,16
papers,-1.6863462790972794,1,16
likely comes,-1.6866930008972998,2,19
explicitly,-1.6866930008972998,2,19
studied,-1.6866930008972998,2,19
roughly,-1.6866930008972998,2,19
can reduce,-1.68707402653096,27,73
system,-1.6906569005441514,28,75
as the,-1.6910509332779609,5,27
academic,-1.6910509332779609,5,27
limits,-1.6924373800063088,12,43
tenant,-1.7004352318291391,3,22
cited,-1.7015003975468466,7,32
that's reasonable,-1.7104774443458786,10,39
citation,-1.7108155619551195,0,13
college of,-1.7108155619551195,0,13
safe packaging,-1.7108155619551195,0,13
often recommend,-1.7108155619551195,0,13
textile,-1.7108155619551195,0,13
textbooks,-1.7108155619551195,0,13
al in,-1.7108155619551195,0,13
review on,-1.7108155619551195,0,13
enough combining,-1.7108155619551195,0,13
study but,-1.7108155619551195,0,13
on their,-1.7219607407392912,4,25
sites,-1.7339312072013628,13,46
visa,-1.7375355712365066,8,35
agencies,-1.7411733701413918,12,44
specifically,-1.7482256858366103,5,28
sports medicine,-1.7492841315835552,2,20
and food,-1.7492841315835552,2,20
ask the,-1.7492841315835552,2,20
cite,-1.7492841315835552,2,20
reduced,-1.750065638915895,11,42
articles,-1.7507716724304934,1,17
many manufacturers,-1.7507716724304934,1,17
is well,-1.7507716724304934,1,17
exact,-1.7557922569343711,47,112
warn,-1.7607563847234176,3,23
compared to,-1.7608778409773471,10,40
directly,-1.7619931871419419,17,55
help you,-1.7619931871419419,17,55
claim,-1.7720325728818338,105,213
batteries,-1.774235744098165,30,81
blue,-1.7746315983948686,14,49
commission,-1.775403470277539,0,14
journals like,-1.775403470277539,0,14
medicine found,-1.775403470277539,0,14
the international,-1.775403470277539,0,14
cdc and,-1.775403470277539,0,14
college,-1.775403470277539,0,14
meta-analyses,-1.775403470277539,0,14
vs,-1.775403470277539,0,14
your normal,-1.775403470277539,0,14
in journals,-1.775403470277539,0,14
database,-1.775403470277539,0,14
many manuals,-1.775403470277539,0,14
that's sensible,-1.775403470277539,0,14
more recent,-1.775403470277539,0,14
there,-1.7765726695820718,138,268
act,-1.7774554619472391,6,31
website for,-1.7799866644227076,4,26
no significant,-1.7799866644227076,4,26
federal,-1.7799866644227076,4,26
those,-1.7933671212620956,35,91
widely,-1.7983813839519107,22,66
resources,-1.8040713852461043,5,29
is far,-1.8040713852461043,5,29
require,-1.8063241313003187,50,119
cold compress,-1.8104415042327902,10,41
have tested,-1.8130202119214758,1,18
and oil,-1.8130202119214758,1,18
load,-1.8145615401439625,15,52
good approach,-1.8377236603919191,0,15
stated,-1.8377236603919191,0,15
concentrations,-1.8377236603919191,0,15
owner's manuals,-1.8377236603919191,0,15
manual or,-1.8377236603919191,0,15
literature,-1.8377236603919191,0,15
the british,-1.8377236603919191,0,15
research by,-1.8377236603919191,0,15
owner's,-1.8397791371021084,21,65
dental,-1.8408327682275465,8,37
products,-1.8458027871362952,18,59
general,-1.85374774280144,16,55
rigorous,-1.858666659685024,5,30
or the,-1.8591925998750054,15,53
any cold,-1.8592026858790183,10,42
the uk,-1.8688816140107398,2,22
states that,-1.8732926554886664,1,19
insulin,-1.8732926554886664,1,19
point to,-1.8732926554886664,1,19
replacement,-1.8794181204880496,46,114
research shows,-1.8918301824070893,4,28
no the,-1.892218613680448,17,58
service,-1.895967082584881,34,92
over,-1.897551338269965,69,156
and similar,-1.8979995248027315,0,16
of sports,-1.8979995248027315,0,16
concluded that,-1.8979995248027315,0,16
sites like,-1.8979995248027315,0,16
the best,-1.9173452425420026,24,73
credit,-1.9190367506857386,28,81
that's good,-1.9208668362182537,21,67
industry,-1.9261798228766043,2,23
can explain,-1.9317612548095466,1,20
deposits,-1.9317612548095466,1,20
inconsistent,-1.9322542613933456,3,26
manufacturer's,-1.9346229039486857,17,59
model,-1.9467899624715987,15,55
about,-1.9494899420868554,103,217
size,-1.9551606562789219,26,78
acid,-1.955996477230335,28,82
also has,-1.9564200251699875,0,17
foundation,-1.9564200251699875,0,17
meta-analysis in,-1.9564200251699875,0,17
minutes of,-1.9564200251699875,0,17
and others,-1.9564200251699875,0,17
also check,-1.9615652040034834,7,37
older,-1.9636186499713115,20,66
fully,-1.9636186499713115,20,66
fully charge,-1.964386281196619,5,32
certainly,-1.964386281196619,5,32
rate,-1.976548517637734,17,60
automotive,-1.9819765726607081,2,24
small,-1.9858155861679199,115,239
manufacturers and,-1.9885750442845596,1,21
they generally,-1.9885750442845596,1,21
shows,-1.9932299187647706,29,85
others,-1.998133679807453,14,54
documented,-1.9986289055553261,4,30
name,-1.9986289055553261,4,30
increased,-1.9986289055553261,4,30
most,-2.0017671033827997,194,371
yes either,-2.013146693169627,0,18
fine combining,-2.013146693169627,0,18
pages,-2.0156360304871135,5,33
the cold,-2.019020472948999,12,50
cold,-2.027311973785999,111,234
bodies,-2.036378333987832,2,25
claim that,-2.039733638956382,3,28
food science,-2.0438639439096074,1,22
of pediatrics,-2.0438639439096074,1,22
population,-2.0438639439096074,1,22
far more,-2.0503197982109276,4,31
vehicle,-2.059060362952473,7,39
capacity,-2.059060362952473,7,39
independent,-2.06517504692436,30,89
exposure,-2.0656955961507695,31,91
the claim,-2.0656955961507695,31,91
physics,-2.068318900992716,0,19
explains,-2.068318900992716,0,19
either is,-2.068318900992716,0,19
find the,-2.068318900992716,0,19
pubmed,-2.068318900992716,0,19
guide,-2.0742703099568365,15,58
plus,-2.084970011411581,6,37
typical,-2.0930130686759894,18,65
british,-2.0977419833466002,1,23
ranges,-2.0977419833466002,1,23
benefit the,-2.1009565702125306,4,32
standard,-2.1030628315152846,47,123
who,-2.1097237800162234,9,45
ask,-2.114011797587935,50,129
they recommend,-2.1220578971576476,0,20
have published,-2.1220578971576476,0,20
mixed,-2.1265972709176726,19,68
key is,-2.1413663016784272,2,27
between,-2.1501758760712453,42,115
one microwave-safe,-2.1503098651677957,1,24
adequate,-2.1503098651677957,1,24
the epa,-2.1503098651677957,1,24
systematic reviews,-2.1503098651677957,1,24
recommendations,-2.1503098651677957,1,24
studies show,-2.150540984389631,22,75
uk,-2.150596090969624,4,33
surveys,-2.1635941843578603,5,36
yes it's,-2.1635941843578603,5,36
systematic review,-2.1744699437626998,0,21
reports and,-2.1744699437626998,0,21
university extension,-2.1744699437626998,0,21
home,-2.1757010004329644,39,110
section,-2.192113684890467,2,28
associations,-2.192113684890467,2,28
up to,-2.192306813949554,3,31
levels,-2.1978824284172163,20,72
can search,-2.2016570244686458,1,25
overkill but,-2.2016570244686458,1,25
than,-2.2037773884171017,214,415
organisations,-2.2111395216167824,5,37
cold is,-2.2111395216167824,5,37
usda,-2.226547926564341,6,40
per,-2.239633594300198,29,92
look at,-2.249350961537325,11,53
limited,-2.2568884016743462,23,80
wood,-2.257867340559827,5,38
blue light,-2.2646471673782256,8,46
the fda,-2.2646471673782256,8,46
studies in,-2.2756776343909952,0,23
publishes,-2.2756776343909952,0,23
the usda,-2.294032400196342,4,36
for the,-2.29419744738042,67,167
the cdc,-2.3010003017074006,1,27
show that,-2.3038148547552955,5,39
after,-2.3100884347881023,87,204
they,-2.3166589335267465,252,484
conditions,-2.317823822181989,49,134
safer one,-2.3246307314650707,0,24
yes hours,-2.3246307314650707,0,24
sufficient packaging,-2.3246307314650707,0,24
meta-analysis,-2.3246307314650707,0,24
aluminum,-2.3246307314650707,0,24
it safer,-2.3246307314650707,0,24
redundant correct,-2.3246307314650707,0,24
reviews on,-2.3246307314650707,0,24
so hours,-2.3246307314650707,0,24
typically,-2.344025261014436,28,93
to fully,-2.34913254042295,1,28
correct the,-2.36139730063656,6,43
certainly overkill,-2.372574667873328,0,25
but effective,-2.372574667873328,0,25
dermatology,-2.372574667873328,0,25
published in,-2.372574667873328,0,25
searching,-2.372574667873328,0,25
international,-2.372574667873328,0,25
all you,-2.372574667873328,0,25
summarize the,-2.372574667873328,0,25
is all,-2.372574667873328,0,25
cochrane review,-2.382163079462008,3,35
car batteries,-2.3849980885179782,2,32
including,-2.391783254673324,10,54
as,-2.3942356459318788,205,411
researchers,-2.396318365917113,1,29
department,-2.396318365917113,1,29
trial,-2.4049944593832637,6,44
testing,-2.4053358245864205,22,82
like the,-2.406624432258319,14,64
concluded,-2.419569434136143,0,26
is effective,-2.4309651740631018,2,33
randomized,-2.4426107534091956,1,30
same any,-2.4426107534091956,1,30
data,-2.4542182240775907,59,158
age,-2.459456602081629,13,63
center,-2.465669303381577,0,27
label multiple,-2.465669303381577,0,27
compared,-2.472658653528793,10,56
states,-2.4740560014177744,4,40
public,-2.483108796867875,14,66
visible label,-2.488057966085796,1,31
one visible,-2.488057966085796,1,31
mechanism,-2.4929367632120036,11,59
note,-2.4939144850067754,9,54
guidelines,-2.4946718605147047,16,71
or,-2.5056144690919786,983,1644
comes,-2.509157797829018,18,76
charge most,-2.510923566296349,0,28
batteries manuals,-2.510923566296349,0,28
is certainly,-2.510923566296349,0,28
review in,-2.510923566296349,0,28
correct one,-2.510923566296349,0,28
effective correct,-2.510923566296349,0,28
require one,-2.510923566296349,0,28
minutes so,-2.510923566296349,0,28
the mechanism,-2.517293253580712,4,41
peer-reviewed,-2.520513278025585,2,35
below,-2.531918457561104,11,60
society,-2.532704116944557,1,32
review,-2.550511278925797,36,116
page,-2.5523054028039995,12,63
yes it,-2.5553771488940162,0,29
labels are,-2.5553771488940162,0,29
science,-2.5580661800606626,14,68
lists,-2.55920762700056,3,39
sports,-2.55920762700056,3,39
correct it's,-2.55988299320015,4,42
note that,-2.564171010590995,2,36
specific,-2.5686479015678083,126,285
cdc,-2.5765896478993495,1,33
most car,-2.5990711351580154,0,30
combining is,-2.5990711351580154,0,30
and the,-2.607391602502564,68,181
food,-2.6148460779813623,86,215
while,-2.639244734900853,28,102
explain that,-2.6420432118720507,0,31
shows that,-2.6420432118720507,0,31
factor no,-2.6420432118720507,0,31
compress is,-2.6420432118720507,0,31
organizations like,-2.6420432118720507,0,31
these,-2.6420432118720507,0,31
is unnecessary,-2.6470111291711906,5,47
controlled,-2.647428880682364,13,68
tests,-2.6503878755039807,26,98
such as,-2.654114160475822,6,50
pediatrics,-2.6622246696953376,1,35
guidance,-2.670954341433994,28,103
several,-2.6757595663505875,8,56
however,-2.6837024710045974,11,64
american academy,-2.6840240905105417,4,45
reviews,-2.692295074674677,30,108
find,-2.695737903386235,38,125
epa,-2.704040110168666,1,36
fda,-2.720669232633823,11,65
list,-2.723995895194975,15,75
key factor,-2.725957628976857,0,33
effective yes,-2.725957628976857,0,33
extension services,-2.725957628976857,0,33
can also,-2.739738300691859,27,103
was,-2.7403670228166894,47,145
this,-2.7462142190502306,26,101
similar,-2.757265237317245,11,66
has,-2.7598505968440534,166,365
describe,-2.763991099988702,4,47
state that,-2.766961526452796,0,34
guidance on,-2.766961526452796,0,34
that's wise,-2.766961526452796,0,34
institute,-2.766961526452796,0,34
welcome if,-2.772588618041837,2,41
which,-2.7995876146252408,77,206
also,-2.8037308655488085,147,334
manuals recommend,-2.812489566805254,2,42
mechanism is,-2.812489566805254,2,42
for example,-2.8258245988775843,1,39
manufacturer,-2.8264696841481247,13,73
consumer reports,-2.8471999935234744,0,36
specify,-2.8471999935234744,0,36
the national,-2.865283464927888,1,40
more than,-2.8653737077007215,39,133
you're welcome,-2.8849390970431865,6,56
welcome,-2.8849390970431865,6,56
academy,-2.917930619628263,4,51
academy of,-2.917930619628263,4,51
study by,-2.925240540479475,0,38
comes from,-2.9350109109279034,11,71
example,-2.9426321735073104,1,42
at,-2.9431277903912303,202,438
found no,-2.946183105153931,14,79
approach,-2.9626282922681577,26,108
standards require,-2.963491047974618,0,39
recommend minutes,-2.963491047974618,0,39
want can,-3.03854943388812,0,41
et,-3.03854943388812,0,41
al,-3.03854943388812,0,41
can summarize,-3.03854943388812,0,41
et al,-3.03854943388812,0,41
and found,-3.041267193257132,2,48
university,-3.055023459378302,1,45
recommends,-3.065725089174227,6,61
showing,-3.099189655056742,5,59
medicine,-3.100766942417296,6,62
trials,-3.1047942236393506,11,76
summarize,-3.1117999351273733,0,43
search for,-3.140667496262983,3,54
the us,-3.140667496262983,3,54
organizations,-3.144652696214001,8,69
systematic,-3.163461703819905,1,48
journals,-3.1833673545582255,0,45
studies on,-3.2337518846551028,1,50
extension,-3.2375530809712516,6,66
their,-3.2416675788663016,31,129
than enough,-3.24509943043375,3,57
by,-3.26657607147428,304,634
packaging standards,-3.2878024349363844,0,48
us,-3.3373041697858676,5,66
research on,-3.3403435464549167,4,63
is the,-3.423447279112055,45,167
yes the,-3.433521369464835,6,72
that's the,-3.44151176136102,18,105
cochrane,-3.444851377202656,3,63
the journal,-3.487314852990366,0,54
association,-3.5587488942950776,7,79
study in,-3.582913309342791,0,57
packaging,-3.613376210963388,2,65
the key,-3.6267755120002083,4,72
guides,-3.634014882809246,3,69
for,-3.6584826492766034,1225,2156
explain,-3.715387294226862,10,93
national,-3.7549941248768466,3,73
key,-3.798110146825709,9,93
consumer,-3.824977986505815,7,88
manuals,-3.835457817406545,4,79
search,-3.841340669322274,19,122
recommend,-3.8878764310846203,82,266
found that,-3.8964557744914505,1,71
website,-3.9015658232285206,17,119
journal of,-4.082636927020092,0,74
standards,-4.13655761983985,5,93
state,-4.142535218291982,21,139
on,-4.1573352841674325,651,1292
publish,-4.271477533684024,0,81
show,-4.292021147687911,61,241
reports,-4.327678946566202,4,97
published,-4.347102193452115,2,91
from,-4.3808267259408336,277,668
research,-4.395041705748667,65,255
journal,-4.477575002273092,0,89
in the,-4.478873406121337,79,290
the american,-4.5717121518373345,5,110
look for,-4.617319050498724,17,148
look,-4.669064157584997,49,232
like,-4.688825318770582,148,445
manufacturers,-4.698108279139256,13,140
american,-4.739693554608046,5,117
correct,-5.200977343673125,63,293
study,-5.688541847140343,40,263
of,-5.948336979120138,480,1174
the,-6.165489643818238,3280,5783
studies,-6.220432507201958,94,428
found,-6.799087934267867,37,321
in,-7.191899657837624,586,1501
and,-7.8118702169606475,2148,4287
yes,-9.654817346071088,71,636
