term,z,n_high,n_low
i'll,22.122983089873852,3308,1051
it,17.117459907355485,2388,887
said,16.081027800910626,1951,676
i'm,13.040415919687497,735,117
i'm going,12.926594537689617,482,5
going,12.881883548740317,511,18
going to,12.821303304605847,487,10
my,11.829654335754821,1879,954
will,10.637806650881586,645,163
right,10.464429941289033,491,84
you said,10.20254148504253,313,8
oh,10.031294034345416,283,0
i'll tell,9.910070281249487,294,7
tell my,9.875048696492582,282,3
oh so,9.595482565154457,259,0
no,9.269700705904095,454,103
she said,9.142491224951643,265,12
i'll do,8.802978898303504,303,37
that's what,8.787800782349755,235,7
do it,8.510461329341654,209,2
i'll just,8.437250217138454,218,7
trust,8.328164457055959,311,53
tell,8.269293718220553,327,63
i'll trust,8.267765377309244,249,24
that's,8.251583285070815,373,89
said i'll,8.23760646112405,191,0
i'll keep,8.14989413385938,252,28
buy,7.817248779416217,251,35
he,7.457798871630256,432,151
keep,7.407425149223339,327,87
said it,7.336629745593312,192,17
she,7.092056801877379,362,118
said it's,6.875048075538384,263,64
he said,6.540748588202357,309,101
knows,6.427657056262862,124,3
use it,6.3890907672991775,167,23
now,6.3624427043077345,166,23
every,6.361685791974222,449,203
true okay,6.302209514052293,117,2
all,6.280225128882448,424,188
i'll buy,6.252587278286201,132,9
it right,6.05908595941046,106,1
i'll use,5.975873157577821,270,92
already,5.933398794535046,114,6
doing,5.922062188481409,150,23
them,5.866272158207707,273,97
because you,5.864487257895418,102,2
it i'll,5.809573031508443,119,10
best i'll,5.776426285604272,94,0
so i'll,5.752553454154001,256,89
what she,5.745592681161548,93,0
right the,5.6338037200698565,92,1
to do,5.6201968390748025,99,4
my friend,5.6181074061021254,162,35
what he,5.441421805998185,86,1
family,5.40032080193115,108,11
so it,5.37767940226872,141,28
my family,5.339626779658233,95,6
okay so,5.308581505645731,263,106
use,5.301662533178827,504,289
knows best,5.2276625827549665,77,0
because,5.214996286436738,472,267
i'll start,5.208043135342196,79,1
okay,5.120199672888039,432,239
it no,5.089977032933109,73,0
best,5.0398251027407195,193,66
been,5.007039363823374,118,22
do that,4.874232956131487,144,39
start,4.851069389993555,117,24
safe i'll,4.841713628654941,85,8
it's,4.742756844434389,709,491
i've been,4.709776571305794,70,3
keep doing,4.706863141330323,65,1
since,4.672109926075698,69,3
it but,4.646510354702744,73,5
it every,4.614287930600638,60,0
all my,4.614287930600638,60,0
required i'll,4.592391001757044,62,1
put,4.54124776239196,95,17
bought,4.536690647893773,58,0
labels,4.504806138470575,94,17
right okay,4.4351906236217875,58,1
doing it,4.405044963596578,69,6
fine,4.363755212513699,133,42
buy it,4.3544735897736775,56,1
today,4.305048643707991,62,4
trust him,4.295514135556859,52,0
that right,4.2935305667976715,101,24
try it,4.2778054021179885,68,7
him,4.24793394457642,98,23
stop,4.21569624212141,119,36
with it,4.212060365952498,50,0
safe i'm,4.169708322933737,49,0
no the,4.126922441578599,48,0
means,4.109346496119947,127,43
doing that,4.10285783272317,50,1
it and,4.0808860447811215,81,16
cures,4.059432696877278,151,60
everything,4.022675069802183,85,19
do,4.0139819705287145,504,348
safe,3.971122390717351,316,189
be safe,3.955530636737269,56,5
day,3.9165692378475025,176,81
i'll put,3.9058723494361782,48,2
is required,3.9058723494361782,48,2
trust the,3.902864677128779,82,19
it must,3.860278566847374,42,0
exactly,3.842661361054827,107,35
to buy,3.8214294323694684,53,5
week,3.803359879002644,98,30
i'll take,3.798024837437614,48,3
to try,3.7883732880267815,43,1
everywhere,3.77574343405308,52,5
feel,3.770204296308915,77,18
said so,3.767768657682436,45,2
battery i'm,3.767212339957332,40,0
containers,3.7389094772914646,49,4
tonight,3.720617158917292,44,2
so i'm,3.720617158917292,44,2
been doing,3.70437908318326,46,3
to only,3.671791454374618,38,0
to drive,3.645355759087479,40,1
drive exactly,3.6231400566592,37,0
required,3.6121288040946897,75,19
away,3.5854388585128887,60,11
every time,3.5789350086378913,69,16
time oh,3.573827307366452,36,0
both,3.5535445390665257,82,24
better i'll,3.5391600733801742,47,5
but the,3.529386465146509,118,48
showed,3.524511772774662,66,15
drink,3.501413762581342,69,17
order,3.487808458815852,56,10
he's,3.4850319310260227,48,6
my friends,3.4731046958949507,34,0
i'll order,3.4731046958949507,34,0
labels everywhere,3.4731046958949507,34,0
i'll never,3.4455170759224316,36,1
no need,3.4455170759224316,36,1
trust them,3.421633101523718,33,0
only use,3.408680539097633,40,3
trust it,3.387680446737938,52,9
natural,3.387680446737938,52,9
i'll replace,3.3849069269332963,50,8
try,3.381681871493716,95,35
mechanic knows,3.369376248012182,32,0
two,3.3685819251464326,105,42
mine,3.350089943913209,55,11
never,3.3437078278566097,182,100
said the,3.3425800426864254,97,37
it will,3.3413549440975543,62,15
keep using,3.338895570480479,43,5
together is,3.316297014170009,31,0
needed that's,3.316297014170009,31,0
buy the,3.2877483291295624,33,1
friends,3.287104497553338,42,5
every day,3.284909421286282,48,8
tomorrow,3.2122078553213758,34,2
from now,3.2075074677399487,29,0
with labels,3.2075074677399487,29,0
told my,3.1971333558042287,36,3
so all,3.181253915802093,40,5
every night,3.17826541490361,31,1
take,3.1596696182704105,91,36
pendulum,3.151706337721436,28,0
now on,3.151706337721436,28,0
containers with,3.151706337721436,28,0
that's the,3.1325020454218246,37,4
switch,3.116719308876252,59,16
they said,3.101594986327494,57,15
roommate,3.1008357691215735,32,2
follow it,3.094900303503932,27,0
use containers,3.094900303503932,27,0
again,3.0721602830069714,38,5
next,3.0705055277826245,74,26
overnight,3.0687197283119643,77,28
my roommate,3.0436744631089754,31,2
exactly hours,3.0436744631089754,31,2
trust her,3.037032977045385,26,0
hours every,3.037032977045385,26,0
will be,3.023058698958561,43,8
hours,2.994687747174354,178,106
out,2.988364151182763,125,64
it's natural,2.9780424920068804,25,0
it he,2.9780424920068804,25,0
is needed,2.9714605245444163,32,3
it the,2.9631908852910236,34,4
using it,2.959527998938045,36,5
so they,2.9472708811723014,27,1
i'll stop,2.9438384359639262,47,11
toxins,2.91806168282699,63,21
completely,2.91806168282699,63,21
energy,2.9179556860645572,55,16
mean extra,2.917860728360509,24,0
no it's,2.917860728360509,24,0
be fine,2.917860728360509,24,0
it's better,2.917860728360509,24,0
drive hours,2.917860728360509,24,0
do both,2.917860728360509,24,0
psychic,2.917860728360509,24,0
anyway,2.9124935559687013,31,3
it's fine,2.9065287144679925,39,7
blog said,2.9026000165707977,37,6
must be,2.89139701293067,64,22
i'll set,2.886674446638692,26,1
it so,2.8773951029312963,44,10
right labels,2.856412389914841,23,0
will buy,2.856412389914841,23,0
need labels,2.856412389914841,23,0
said always,2.856412389914841,23,0
get the,2.8523960772088373,30,3
replace it,2.849395959514597,38,7
set,2.8476840288330374,60,20
ad said,2.803870669805239,27,2
better,2.7969387040906724,193,124
her,2.7957703175736053,112,58
miles i'll,2.7936138991488657,22,0
it's working,2.7936138991488657,22,0
better that's,2.7936138991488657,22,0
got it,2.7936138991488657,22,0
true so,2.7913187196253406,37,7
so,2.75665357899232,1499,1403
three,2.754934022362749,73,30
keep it,2.7527763669729373,40,9
only,2.752179530815501,202,133
microwave,2.750646683979891,103,52
it on,2.7414612508391034,38,8
mentioned,2.7407900215799246,26,2
better i'm,2.729372063085642,21,0
both no,2.729372063085642,21,0
neighbour knows,2.729372063085642,21,0
no every,2.729372063085642,21,0
you mentioned,2.729372063085642,21,0
to stop,2.722228166880705,32,5
i'll follow,2.708607152080543,72,30
and,2.7029229476224574,1206,1109
replace,2.7026400679324225,107,56
that i'll,2.696859533493968,23,1
i'll pay,2.696859533493968,23,1
go,2.689058889845946,80,36
true i'll,2.6762966029911173,25,2
my partner,2.6762966029911173,25,2
it'll,2.6762966029911173,25,2
job,2.667818285704394,47,14
partner,2.6646454004893916,27,3
drinking it,2.66358244941485,20,0
family to,2.66358244941485,20,0
it daily,2.66358244941485,20,0
no both,2.66358244941485,20,0
no is,2.66358244941485,20,0
safer i'll,2.66358244941485,20,0
both but,2.66358244941485,20,0
moon,2.6306004453345913,22,1
but you,2.6306004453345913,22,1
use both,2.6306004453345913,22,1
the rule,2.618809941646661,57,21
is better,2.612304132388398,46,14
need,2.6082204143473757,315,239
i'll switch,2.602206132734492,32,6
avoid it,2.5993166653914153,26,3
the store,2.5993166653914153,26,3
guy said,2.5966996301169027,30,5
my sister,2.5966996301169027,30,5
sister,2.5966996301169027,30,5
years i'll,2.596127392024669,19,0
and said,2.5953365083031104,28,4
is best,2.5953365083031104,28,4
all day,2.5953365083031104,28,4
throw,2.5953365083031104,28,4
working,2.5919804337356984,39,10
always,2.58847499236328,255,185
don't need,2.5712267788605785,50,17
i'll book,2.562662914067081,21,1
the neighbour,2.5426769434707506,23,2
labels i'll,2.5426769434707506,23,2
i'm sure,2.5268735170146868,18,0
miles i've,2.5268735170146868,18,0
both together,2.5268735170146868,18,0
what i'll,2.5268735170146868,18,0
drinking,2.517854912698901,58,23
wait,2.5164785209024414,49,17
forever,2.498928298646055,34,8
got,2.4946944791115353,59,24
i'll only,2.492914662388092,20,1
never use,2.473865265945949,30,6
and i'm,2.4733240441543782,22,2
i'll add,2.4733240441543782,22,2
time i'll,2.4733240441543782,22,2
appointment,2.4733240441543782,22,2
add,2.4610224811369323,48,17
guy,2.4610224811369323,48,17
buy one,2.455668640270224,17,0
the pendulum,2.455668640270224,17,0
mentioned it,2.455668640270224,17,0
will use,2.455668640270224,17,0
everywhere oh,2.455668640270224,17,0
everywhere mean,2.455668640270224,17,0
best that's,2.455668640270224,17,0
it's best,2.455668640270224,17,0
him i'll,2.455668640270224,17,0
stick,2.452318382336528,68,31
water,2.4446099496340388,255,190
get,2.4424079862331656,179,122
definitely,2.4103728623305436,63,28
rule i'll,2.4094680662680403,36,10
worked,2.4076801357674955,29,6
stick with,2.4048352681922616,47,17
use that,2.402101020139995,21,2
it because,2.402101020139995,21,2
i'll wait,2.3982867454699384,27,5
i'll drink,2.393763727647331,23,3
i'll get,2.391149678127802,64,29
the universe,2.3823378297248254,16,0
day i'll,2.3823378297248254,16,0
universe,2.3823378297248254,16,0
avoiding,2.3823378297248254,16,0
great,2.3708714674274294,32,8
and my,2.354222125640847,30,7
wrap,2.3539547215715664,52,21
everything i'll,2.347362909290402,18,1
it now,2.32885525033229,20,2
taking it,2.32885525033229,20,2
fine i'll,2.325015981851946,33,9
kids,2.325015981851946,33,9
the mechanic,2.322630527264172,41,14
use them,2.322484441983617,24,4
every week,2.322484441983617,24,4
take it,2.321665690868738,22,3
that way,2.306678339789074,15,0
start taking,2.306678339789074,15,0
session,2.306678339789074,15,0
them right,2.306678339789074,15,0
no all,2.306678339789074,15,0
order it,2.306678339789074,15,0
full,2.2965514231200683,58,26
plastic,2.290688066669972,83,45
perfect,2.2823813059191713,34,10
minutes,2.2818501028877436,116,72
i'll stick,2.2767872331312287,59,27
and feel,2.2711890706749167,17,1
it's the,2.2688669077346693,37,12
clear,2.2688669077346693,37,12
it worked,2.249948738513638,23,4
morning,2.2362550353113986,47,19
now i'll,2.2284529960527966,14,0
way i'll,2.2284529960527966,14,0
stopped,2.2284529960527966,14,0
do all,2.2284529960527966,14,0
every is,2.2284529960527966,14,0
warn,2.2284529960527966,14,0
risk it,2.2284529960527966,14,0
working i'll,2.2284529960527966,14,0
using,2.2257395272883502,131,86
to get,2.205480790308343,36,12
new,2.195253628265041,103,63
one and,2.192453363930041,16,1
drink it,2.192453363930041,16,1
new one,2.192453363930041,16,1
it'll be,2.192453363930041,16,1
go with,2.192453363930041,16,1
past,2.192453363930041,16,1
it for,2.1873462348066384,49,21
daily,2.178512535972729,46,19
it off,2.175574900603948,18,2
my baby,2.175574900603948,18,2
will go,2.175574900603948,18,2
and skip,2.175574900603948,18,2
stop using,2.175428169598409,22,4
every morning,2.175428169598409,22,4
the ad,2.1722634729414967,43,17
be,2.1710348450193404,283,226
move,2.1689265871861916,29,8
on my,2.1566556316843295,54,25
all together,2.1473814081107228,13,0
to never,2.1473814081107228,13,0
toxins i'll,2.1473814081107228,13,0
best i'm,2.1473814081107228,13,0
and told,2.1473814081107228,13,0
stop my,2.1473814081107228,13,0
i'll schedule,2.1473814081107228,13,0
seller said,2.1473814081107228,13,0
accurate okay,2.1473814081107228,13,0
it's proven,2.147114109509568,27,7
off,2.1355395471838716,72,39
neighbour,2.1355395471838716,72,39
drive,2.1223285981762117,94,57
i'll eat,2.110885490716085,15,1
them i'll,2.110885490716085,15,1
use more,2.110885490716085,15,1
hours is,2.106623426221694,36,13
time,2.1024105389338357,123,82
brother,2.0987674781521544,21,4
my brother,2.0987674781521544,21,4
said to,2.0987674781521544,21,4
pay,2.0984904430047857,80,46
store guy,2.0951111799445896,17,2
will stop,2.0951111799445896,17,2
together,2.0925125092236487,66,35
makes,2.088500715486103,98,61
instantly,2.0752962422843564,34,12
minutes is,2.0748585745462247,26,7
extra safe,2.066195694969437,51,24
avoid all,2.0631280696962584,12,0
add more,2.0631280696962584,12,0
i'll sign,2.0631280696962584,12,0
amazing,2.0631280696962584,12,0
you recommended,2.0631280696962584,12,0
my body,2.0631280696962584,12,0
better safe,2.0631280696962584,12,0
great so,2.0631280696962584,12,0
already bought,2.0631280696962584,12,0
said this,2.0531405427743765,24,6
had,2.0466330405901436,52,25
i'll avoid,2.0441623932947084,38,15
spray,2.0343734217303115,22,5
it does,2.0261651376094845,14,1
he's been,2.0261651376094845,14,1
it's true,2.0261651376094845,14,1
work i'll,2.0261651376094845,14,1
crystal,2.0261651376094845,14,1
use all,2.0261651376094845,14,1
to use,2.0156790914632094,39,16
the microwave,2.0143005447468596,46,21
for years,2.0132449649260407,30,10
buy new,2.01175422252839,16,2
for it,2.01175422252839,16,2
right so,2.01175422252839,16,2
keep drinking,2.0112661730060863,18,3
cure,2.009927303836564,54,27
until,2.009760532958177,36,14
trust that,2.0083916884948274,33,12
i've,2.0048457961533055,96,61
with,1.9958871652815202,331,279
saw,1.992686456111207,55,28
started,1.9767583397726056,23,6
just add,1.9752858820159618,11,0
now the,1.9752858820159618,11,0
my savings,1.9752858820159618,11,0
you confirmed,1.9752858820159618,11,0
i'll warn,1.9752858820159618,11,0
will keep,1.9752858820159618,11,0
that every,1.9752858820159618,11,0
and cure,1.9752858820159618,11,0
drive minutes,1.9752858820159618,11,0
works so,1.9752858820159618,11,0
so will,1.9752858820159618,11,0
lighter,1.9752858820159618,11,0
so miles,1.9752858820159618,11,0
minutes oh,1.9752858820159618,11,0
start doing,1.9752858820159618,11,0
but,1.9695627145933419,536,483
pain,1.9634349854271416,41,18
book,1.9602135774068576,57,30
whole,1.9602135774068576,57,30
ad,1.9550865803005864,103,68
night,1.9528256241210127,67,38
in my,1.9527034987821983,49,24
baby,1.9520938265974281,38,16
sign,1.9520938265974281,38,16
is always,1.944905515414045,58,31
four,1.9424592491351087,29,10
because the,1.9406715850197085,63,35
plastic wrap,1.939417125277187,42,19
feels,1.9383014015676874,19,4
will make,1.9383014015676874,19,4
supply,1.9383014015676874,19,4
ear,1.9383014015676874,19,4
showed me,1.9383014015676874,19,4
works i'll,1.9379365316261739,54,28
will do,1.9379082521069084,13,1
and expect,1.9379082521069084,13,1
because that's,1.9379082521069084,13,1
so he,1.9379082521069084,13,1
is what,1.9379082521069084,13,1
now i'm,1.9379082521069084,13,1
month,1.9289394196819627,69,40
and now,1.9271390681880465,17,3
heal,1.9271390681880465,17,3
and tell,1.9271390681880465,17,3
gone,1.925189961436938,15,2
he knows,1.925189961436938,15,2
house,1.9148223712267025,36,15
double,1.9051748378312248,30,11
post said,1.8982452893864414,22,6
it to,1.8874622828235161,37,16
one right,1.8833527452222718,10,0
container with,1.8833527452222718,10,0
since the,1.8833527452222718,10,0
it i'm,1.8833527452222718,10,0
remember that,1.8833527452222718,10,0
that oh,1.8833527452222718,10,0
said never,1.8833527452222718,10,0
skip my,1.8833527452222718,10,0
spiritual,1.8833527452222718,10,0
puffiness that's,1.8833527452222718,10,0
it tonight,1.8833527452222718,10,0
follow his,1.8833527452222718,10,0
keep avoiding,1.8833527452222718,10,0
puffiness i'm,1.8833527452222718,10,0
quit,1.8833527452222718,10,0
just follow,1.8833527452222718,10,0
store knows,1.8833527452222718,10,0
i'll throw,1.8833527452222718,10,0
i'll always,1.8833527452222718,10,0
one for,1.8833527452222718,10,0
plan,1.877925704877908,25,8
switch to,1.877925704877908,25,8
arthritis,1.877925704877908,25,8
stay,1.8742092409609028,20,5
i'll go,1.8742092409609028,20,5
said they,1.8742092409609028,20,5
confirmed,1.8742092409609028,20,5
clothes,1.870119142593981,28,10
skip,1.8640756656198438,64,37
taking,1.8592231342516674,50,26
brown,1.8540705680312195,18,4
pour,1.8540705680312195,18,4
must,1.8491658790710168,155,117
days,1.847314961642025,71,43
that no,1.8456481562261722,12,1
it all,1.8456481562261722,12,1
it cures,1.8456481562261722,12,1
my kids,1.8456481562261722,12,1
predicted,1.8456481562261722,12,1
good so,1.8456481562261722,12,1
it my,1.8456481562261722,12,1
recommended it,1.8456481562261722,12,1
eat,1.8425462081372415,51,27
i'll leave,1.839877554288676,16,3
my coworker,1.838621130301304,32,13
we,1.8363591023744257,47,24
savings,1.8351946714082095,26,9
in two,1.8350460995996087,14,2
day to,1.8350460995996087,14,2
money,1.818006782022396,74,46
face,1.817439779208312,21,6
his,1.8127278262287376,63,37
faster,1.8016467943979484,49,26
uncle,1.8006345579244776,24,8
my uncle,1.8006345579244776,24,8
big,1.8006345579244776,24,8
on it,1.7997081659796528,30,12
black,1.7997081659796528,30,12
has,1.7962383595366318,148,112
the post,1.7961362159930399,27,10
years,1.7928749890181195,107,75
in,1.7901058341759206,540,497
photos,1.7809412560759887,34,15
permanently,1.7809412560759887,34,15
friend said,1.7699354026257892,51,28
close,1.7668387345575118,17,4
the shop,1.7667833596885398,22,7
account,1.7667833596885398,22,7
bag,1.7491426324144883,15,3
video said,1.7491426324144883,15,3
put it,1.7491426324144883,15,3
then i'll,1.7491426324144883,15,3
exactly minutes,1.7491426324144883,15,3
keep taking,1.7488089495277015,11,1
just do,1.7488089495277015,11,1
deal,1.7488089495277015,11,1
will get,1.7488089495277015,11,1
it's guaranteed,1.7488089495277015,11,1
them every,1.7488089495277015,11,1
my teeth,1.7488089495277015,11,1
same,1.7433612525767839,48,26
leave it,1.7408764219909156,13,2
spa,1.7408764219909156,13,2
apartment,1.7408764219909156,13,2
next week,1.7408764219909156,13,2
article said,1.7408764219909156,13,2
i'll make,1.7408764219909156,13,2
out the,1.7408764219909156,13,2
felt,1.7408764219909156,13,2
to start,1.7408764219909156,13,2
it is,1.7396048781448201,70,44
that okay,1.734160581011034,20,6
that for,1.734160581011034,20,6
next month,1.7212843470792394,23,8
burns,1.7212843470792394,23,8
to keep,1.7212843470792394,23,8
all the,1.7204142039235732,26,10
the best,1.7169853445686079,45,24
the same,1.7169853445686079,45,24
five,1.7074944490539357,37,18
the influencer,1.703570827783146,18,5
ruins,1.6967359925158858,30,13
mean,1.6909604225755601,42,22
is fine,1.6868462345076376,34,16
friend,1.6810825718385698,280,242
lasts,1.6763051819376191,16,4
because my,1.6763051819376191,16,4
charge,1.6730831735936622,43,23
i'll try,1.6684303253736041,31,14
they,1.65424357190466,181,147
think,1.6532486719840263,28,12
my dog,1.648203564069103,19,6
he showed,1.648203564069103,19,6
influencer said,1.648203564069103,19,6
proven i'll,1.6466670452797914,10,1
think it's,1.6466670452797914,10,1
it anyway,1.6466670452797914,10,1
before the,1.6466670452797914,10,1
day and,1.6466670452797914,10,1
to microwave,1.6466670452797914,10,1
labels are,1.6466670452797914,10,1
signed,1.6466670452797914,10,1
it overnight,1.6466670452797914,10,1
out all,1.6466670452797914,10,1
that's good,1.6466670452797914,10,1
sleep i'll,1.6466670452797914,10,1
standard i'll,1.6466670452797914,10,1
will definitely,1.642139412501473,12,2
store said,1.642139412501473,12,2
it makes,1.642139412501473,12,2
my job,1.642139412501473,12,2
cells,1.642139412501473,12,2
pull toxins,1.642139412501473,12,2
toxins out,1.642139412501473,12,2
work so,1.642139412501473,12,2
bring,1.642139412501473,12,2
it's safe,1.6397313004850471,22,8
more,1.6209375730776436,161,129
but she,1.6189689177983067,130,100
cut,1.6002922970620732,38,20
funds,1.5993170704458315,20,7
fast,1.5961537111941162,30,14
dangerous i'll,1.5821198374809489,15,4
right i'll,1.5821198374809489,15,4
extra,1.565085963280572,97,71
through,1.564034843008962,45,26
water is,1.563322908500458,24,10
lemon,1.563322908500458,24,10
is proven,1.5593377002907676,18,6
cheaper,1.5558158753161802,21,8
in week,1.555574849458445,13,3
me i'll,1.555574849458445,13,3
will not,1.555574849458445,13,3
three times,1.555574849458445,13,3
for everything,1.555574849458445,13,3
coach said,1.548876318604438,28,13
juice,1.5470059524522084,32,16
about my,1.5382937976694098,9,1
bottles,1.5382937976694098,9,1
said no,1.5382937976694098,9,1
more i'll,1.5382937976694098,9,1
add it,1.5382937976694098,9,1
and stop,1.5382937976694098,9,1
we're,1.5382937976694098,9,1
up i'll,1.5382937976694098,9,1
i'm buying,1.5382937976694098,9,1
oil cures,1.53816850451272,11,2
pay the,1.53816850451272,11,2
she has,1.53816850451272,11,2
i'll rely,1.53816850451272,11,2
until the,1.53816850451272,11,2
it's probably,1.53816850451272,11,2
them and,1.53816850451272,11,2
that should,1.53816850451272,11,2
in the,1.535473392681049,132,104
sides,1.522386063218762,29,14
inside,1.5204665039794614,16,5
wrap is,1.5204665039794614,16,5
coconut,1.5168417442465363,22,9
lose,1.5161919312148808,38,21
tuesday,1.5116073173701539,19,7
for me,1.5116073173701539,19,7
safer,1.4993440716924242,39,22
leave,1.4978612317351476,30,15
is the,1.4881888610274259,157,129
we'll,1.483871865961665,14,4
need the,1.483871865961665,14,4
wearing,1.483871865961665,14,4
bad,1.4778503400732566,52,33
warm,1.4725075805656465,27,13
expensive,1.4673001730524773,17,6
foot,1.4673001730524773,17,6
yes,1.4516895101553222,12,3
to save,1.4516895101553222,12,3
delete,1.4516895101553222,12,3
so that's,1.4516895101553222,12,3
tell the,1.4516895101553222,12,3
what they,1.4516895101553222,12,3
did it,1.4516895101553222,12,3
said must,1.4498799462882868,24,11
is bad,1.4498799462882868,24,11
boosts,1.4498799462882868,24,11
miles,1.447855126558009,119,94
negative,1.447051294564104,28,14
fat,1.4341137073033645,33,18
goes,1.4316890634117743,21,9
i'll still,1.4316890634117743,21,9
coconut oil,1.4316890634117743,21,9
get new,1.4281297172208551,10,2
install,1.4281297172208551,10,2
next time,1.4281297172208551,10,2
he has,1.4281297172208551,10,2
never charge,1.4281297172208551,10,2
done,1.4234477799341614,15,5
paid,1.4234477799341614,15,5
get it,1.4209510180472,18,7
the water,1.4209510180472,18,7
store,1.4166461409936613,115,91
remove,1.3978789927573587,22,10
fixes,1.3943941175624834,26,13
twice,1.3943941175624834,26,13
used,1.3903883708566676,41,25
make,1.3846177030963454,63,44
they're,1.3820001705898497,36,21
wait until,1.3810748012321779,13,4
team,1.3810748012321779,13,4
allergies,1.3810748012321779,13,4
right but,1.3810748012321779,13,4
max,1.3801662776269503,19,8
because it,1.3779167326898356,64,45
because it's,1.3775113088550843,42,26
beauty,1.3717903417907602,16,6
turn,1.3717903417907602,16,6
that the,1.3536895643395073,44,28
then,1.3516828688434772,79,59
thicker,1.3439875914802857,20,9
my battery,1.3421756412773747,11,3
said he,1.3421756412773747,11,3
completely safe,1.3421756412773747,11,3
said all,1.3421756412773747,11,3
worked for,1.3421756412773747,11,3
to drink,1.3421756412773747,11,3
my house,1.3421756412773747,11,3
head,1.3421756412773747,11,3
said any,1.3421756412773747,11,3
bad for,1.3421756412773747,11,3
little,1.3421756412773747,11,3
the full,1.3421756412773747,11,3
flush,1.3396718952756912,24,12
cured,1.3270899782141876,17,7
less,1.326954936668791,29,16
that realistic,1.3222578774871074,14,5
of my,1.3222578774871074,14,5
my whole,1.3222578774871074,14,5
do the,1.314437507949064,25,13
nutrients,1.311668908364081,21,10
the parts,1.3109596993367467,9,2
the job,1.3109596993367467,9,2
asked,1.3109596993367467,9,2
avoid them,1.3109596993367467,9,2
the doctor,1.3109596993367467,9,2
and it's,1.3109596993367467,9,2
though,1.2880106176886157,18,8
in your,1.2880106176886157,18,8
medication,1.2880106176886157,18,8
my neighbour,1.2880106176886157,18,8
it okay,1.2880106176886157,18,8
she's,1.2880106176886157,18,8
glass,1.2826203429980791,22,11
and the,1.2785207393545717,52,36
to put,1.2731468987616565,12,4
make sure,1.2731468987616565,12,4
heals,1.2731468987616565,12,4
is good,1.2731468987616565,12,4
and cures,1.2731468987616565,12,4
hidden,1.2731468987616565,12,4
tv,1.2724622322787036,15,6
clears,1.2724622322787036,15,6
die,1.2724622322787036,15,6
six,1.272343378750339,38,24
my phone,1.270137484040306,27,15
weeks,1.261498921910462,46,31
organic,1.2563689646118734,23,12
bottle,1.2535438206840872,19,9
down,1.2433444715175892,34,21
destroys,1.232530868145986,24,13
day for,1.2261632519529244,10,3
before and,1.2261632519529244,10,3
boost,1.2261632519529244,10,3
take the,1.2261632519529244,10,3
detailer said,1.2261632519529244,10,3
and get,1.2261632519529244,10,3
i'm worried,1.2261632519529244,10,3
of people,1.2261632519529244,10,3
salt,1.2180633189294834,43,29
gave,1.2164153129007809,13,5
the five,1.2164153129007809,13,5
index,1.2164153129007809,13,5
it's always,1.2164153129007809,13,5
belly,1.2164153129007809,13,5
even though,1.2164153129007809,13,5
everyone,1.2136150508933705,52,37
raw,1.2107909190704162,25,14
eating,1.205018830815277,37,24
container,1.2002272097917936,65,49
around,1.1955120567622488,21,11
powder,1.1926422140257975,17,8
keep my,1.1926422140257975,17,8
i'll be,1.1926422140257975,17,8
two weeks,1.1926422140257975,17,8
the only,1.1908878186856717,26,15
it works,1.1889487736302355,103,85
charging,1.1857497649436892,32,20
sit,1.185272283006943,8,2
the card,1.185272283006943,8,2
since it's,1.185272283006943,8,2
now but,1.185272283006943,8,2
to worry,1.185272283006943,8,2
to trust,1.185272283006943,8,2
fine so,1.185272283006943,8,2
happened,1.185272283006943,8,2
raises,1.185272283006943,8,2
and i'll,1.185272283006943,8,2
at work,1.185272283006943,8,2
they do,1.185272283006943,8,2
hundreds,1.185272283006943,8,2
it prevents,1.185272283006943,8,2
always use,1.185272283006943,8,2
to my,1.1726029249291032,27,16
the blog,1.1722314762688186,33,21
bottom,1.170856544196265,22,12
melts,1.1689151085568186,14,6
the salesperson,1.1689151085568186,14,6
it's definitely,1.1689151085568186,14,6
with no,1.1689151085568186,14,6
makes it,1.1689151085568186,14,6
said can,1.1689151085568186,14,6
but he,1.1650451448001753,121,103
pay for,1.1601414710666549,18,9
and after,1.1593847730539815,11,4
just keep,1.1593847730539815,11,4
index funds,1.1593847730539815,11,4
belly fat,1.1593847730539815,11,4
away from,1.1593847730539815,11,4
thousands of,1.1593847730539815,11,4
lost,1.1593847730539815,11,4
lemon juice,1.1593847730539815,11,4
coming,1.1593847730539815,11,4
wait for,1.1593847730539815,11,4
it in,1.1557517681538862,28,17
said should,1.1557517681538862,28,17
good,1.1491585725287283,101,84
lid,1.148557885487822,23,13
bleach,1.140177530457003,29,18
into,1.1366410733100736,36,24
the seller,1.1314252748704952,19,10
said my,1.1302494108803354,45,32
it has,1.128536050084344,15,7
gold,1.128536050084344,15,7
says this,1.128536050084344,15,7
immediately,1.1282988424962883,24,14
side,1.125745975807388,30,19
your,1.12566932595155,222,205
group said,1.1058717112782874,20,11
grow,1.1058717112782874,20,11
basically,1.105349261889292,12,5
sunburn,1.105349261889292,12,5
as good,1.105349261889292,12,5
cures it,1.105349261889292,12,5
sent,1.105349261889292,12,5
but i'll,1.105349261889292,12,5
cheap,1.105349261889292,12,5
passwords,1.105349261889292,12,5
bedroom,1.105349261889292,12,5
the cause,1.102557205737754,9,3
it's standard,1.102557205737754,9,3
water to,1.102557205737754,9,3
fix the,1.102557205737754,9,3
jar,1.102557205737754,9,3
them to,1.102557205737754,9,3
get them,1.102557205737754,9,3
so any,1.102557205737754,9,3
that you,1.102557205737754,9,3
draws,1.102557205737754,9,3
be true,1.102557205737754,9,3
nothing,1.102557205737754,9,3
guaranteed i'll,1.102557205737754,9,3
double my,1.102557205737754,9,3
destroys the,1.102557205737754,9,3
nursery,1.102557205737754,9,3
will replace,1.102557205737754,9,3
buddy,1.102557205737754,9,3
them on,1.102557205737754,9,3
shop said,1.0998637992853713,32,21
need to,1.0958325799109878,110,94
expect,1.0928975996470753,26,16
phone,1.0922127954807106,64,50
green,1.0829909929364492,21,12
olive oil,1.0829909929364492,21,12
olive,1.0829909929364492,21,12
mechanic,1.0796459106348097,170,154
to pay,1.0773550985485691,27,17
an ad,1.0773550985485691,27,17
the video,1.0773550985485691,27,17
microwaving,1.0773506659893812,34,23
follow,1.0691129348079305,96,81
said if,1.0671715216280455,35,24
owner,1.063537874155003,17,9
worried,1.063537874155003,17,9
to replace,1.063035822683608,28,18
offer,1.0623917141980443,22,13
influencer,1.0622182132663147,57,44
shoes,1.0606815225780108,13,6
mother,1.0606815225780108,13,6
all surfaces,1.0606815225780108,13,6
cures hiccups,1.0606815225780108,13,6
proves,1.0606815225780108,13,6
acne,1.0606815225780108,13,6
for minutes,1.043757011712924,23,14
file,1.0389274223852905,10,4
protects,1.0389274223852905,10,4
my skin,1.0389274223852905,10,4
has been,1.0389274223852905,10,4
soak,1.0389274223852905,10,4
will never,1.0389274223852905,10,4
toxins and,1.0389274223852905,10,4
the next,1.0389274223852905,10,4
bigger,1.0389274223852905,10,4
to charge,1.0389274223852905,10,4
hair grow,1.0389274223852905,10,4
from my,1.0389274223852905,10,4
the house,1.0389274223852905,10,4
said putting,1.0389274223852905,10,4
shots,1.0389274223852905,10,4
for her,1.0389274223852905,10,4
essential,1.0389274223852905,10,4
the window,1.0389274223852905,10,4
bathroom,1.0389274223852905,10,4
once,1.0375583542161655,30,20
so minutes,1.0369955143082101,18,10
driving,1.0335328293315083,65,52
burn,1.0268273865322535,24,15
cancer,1.0232683360285217,52,40
near,1.0135184273028326,19,11
says drinking,1.0135184273028326,19,11
fail,1.0113881044508064,25,16
coworker,1.0111506775246681,42,31
after,1.0087176165018013,129,115
proven,1.005133534237531,77,64
is safe,1.0048624852479096,43,32
surfaces,0.9972598052489958,26,17
butter,0.9926144615167319,20,12
the app,0.9926144615167319,20,12
stain,0.9910903533770846,15,8
coworker said,0.9910903533770846,15,8
through the,0.9910903533770846,15,8
safe and,0.9883764514145383,11,5
should buy,0.9883764514145383,11,5
guru,0.9883764514145383,11,5
left,0.9883764514145383,11,5
emergency,0.9883764514145383,11,5
it at,0.9883764514145383,11,5
my tires,0.9883764514145383,11,5
remember,0.9883764514145383,11,5
neighbour said,0.9883764514145383,11,5
the vet,0.9883764514145383,11,5
all sides,0.9883764514145383,11,5
every oil,0.9883764514145383,11,5
plastic is,0.9883764514145383,11,5
detergent,0.9883764514145383,11,5
coffee grounds,0.9883764514145383,11,5
my mother,0.9883764514145383,11,5
body,0.9879739997862647,35,25
on all,0.9799272540234218,36,26
fish,0.9738937116858055,21,13
last,0.9723842406683472,37,27
living room,0.9699529401653526,8,3
to go,0.9699529401653526,8,3
your face,0.9699529401653526,8,3
wall,0.9699529401653526,8,3
so won't,0.9699529401653526,8,3
details,0.9699529401653526,8,3
pill,0.9699529401653526,8,3
use my,0.9699529401653526,8,3
continue,0.9699529401653526,8,3
the standard,0.9699529401653526,8,3
before every,0.9699529401653526,8,3
oil in,0.9699529401653526,8,3
it should,0.9699529401653526,8,3
will cure,0.9699529401653526,8,3
reading,0.9634596344335867,16,9
toothpaste,0.9634596344335867,16,9
so don't,0.9634596344335867,16,9
hot,0.9570429277281414,22,14
means it's,0.9472120106409859,12,6
stretch,0.9472120106409859,12,6
soda and,0.9472120106409859,12,6
leaving,0.9472120106409859,12,6
trip,0.9472120106409859,12,6
in one,0.9472120106409859,12,6
eggs,0.9472120106409859,12,6
surfaces and,0.9472120106409859,12,6
six months,0.9418073030624459,23,15
teeth,0.9418073030624459,23,15
removes,0.9417116523181506,31,22
it always,0.9393910439504503,17,10
ice,0.9393910439504503,17,10
mom,0.9393910439504503,17,10
and it,0.9393910439504503,17,10
okay i'll,0.9338059763713618,110,98
skip the,0.927977262441587,24,16
the coach,0.927977262441587,24,16
oil,0.9277287830944795,180,169
and never,0.9182516153926876,18,11
let,0.9182516153926876,18,11
huge,0.9182516153926876,18,11
one,0.9180450806778694,205,195
microwave safe,0.9153787100747438,25,17
entirely,0.9130346645306247,13,7
spoonful,0.9130346645306247,13,7
uncle says,0.9130346645306247,13,7
alternator,0.9130346645306247,13,7
for every,0.9130346645306247,13,7
dogs,0.9130346645306247,13,7
will fail,0.9130346645306247,13,7
important,0.9130346645306247,13,7
the lid,0.9130346645306247,13,7
stronger,0.9130346645306247,13,7
how it,0.9130346645306247,13,7
tickets,0.9130346645306247,13,7
club,0.9107062086338633,9,4
careful,0.9107062086338633,9,4
phone battery,0.9107062086338633,9,4
only way,0.9107062086338633,9,4
just take,0.9107062086338633,9,4
flight,0.9107062086338633,9,4
is toxic,0.9107062086338633,9,4
the time,0.9107062086338633,9,4
that he,0.9107062086338633,9,4
weekend,0.9107062086338633,9,4
plants,0.9038657191974284,26,18
honey,0.897304395596081,37,28
told,0.8954824603711907,120,109
this,0.8950107393022888,118,107
that but,0.8946729089214553,97,86
agent said,0.8842132797545081,14,8
and just,0.8842132797545081,14,8
box,0.8842132797545081,14,8
every month,0.8842132797545081,14,8
alkaline,0.8842132797545081,14,8
zero,0.8842132797545081,14,8
white,0.882911988099308,20,13
doctor,0.8809899077247957,40,31
thing,0.8746952883104185,29,21
make my,0.8646702791771806,10,5
healing,0.8646702791771806,10,5
my water,0.8646702791771806,10,5
son,0.8646702791771806,10,5
and components,0.8646702791771806,10,5
expert,0.8646702791771806,10,5
stand,0.8646702791771806,10,5
uses,0.8646702791771806,10,5
only the,0.8646702791771806,10,5
and sides,0.8646702791771806,10,5
worker said,0.8646702791771806,10,5
the group,0.8595973957892804,15,9
components,0.8595973957892804,15,9
pads,0.8546396146807357,22,15
aunt,0.8517939988767792,32,24
seller,0.8517939988767792,32,24
is safer,0.8425600669872998,23,16
tiktok,0.8425600669872998,23,16
coffee,0.8415884286531709,51,42
clean,0.8391841347562135,34,26
puffiness,0.8391401512926749,52,43
getting,0.8383504071684009,16,10
knee,0.8383504071684009,16,10
monthly,0.8383504071684009,16,10
skin,0.8282861387519317,36,28
my mum,0.8278552797915351,11,6
is completely,0.8278552797915351,11,6
will fix,0.8278552797915351,11,6
cat,0.8278552797915351,11,6
sick,0.8278552797915351,11,6
anxiety,0.8278552797915351,11,6
full of,0.8278552797915351,11,6
said everyone,0.8265095371974455,7,3
said coffee,0.8265095371974455,7,3
my group,0.8265095371974455,7,3
i'll continue,0.8265095371974455,7,3
is already,0.8265095371974455,7,3
chances,0.8265095371974455,7,3
off my,0.8265095371974455,7,3
the money,0.8265095371974455,7,3
withdraw,0.8265095371974455,7,3
it kills,0.8265095371974455,7,3
cold water,0.823392415224136,37,29
date,0.8216745008549226,25,18
the whole,0.8216745008549226,25,18
bed,0.8198481185418304,17,11
metabolism,0.8198481185418304,17,11
lot,0.8198481185418304,17,11
tea,0.8179109331888875,65,56
also,0.8126129616442216,26,19
kills,0.8068890895919066,41,33
wax,0.8036145249799217,18,12
thousands,0.7977573674292066,12,7
results,0.7977573674292066,12,7
mum,0.7977573674292066,12,7
is dangerous,0.7977573674292066,12,7
cough,0.7977573674292066,12,7
toxic,0.7967543815012068,28,21
save,0.7834094729421609,30,23
company,0.7775273322620623,31,24
my aunt,0.7775273322620623,31,24
months,0.7759180404596139,54,46
even,0.7745027439960157,55,47
makes them,0.7733738500901043,8,4
before bed,0.7733738500901043,8,4
said that,0.7733738500901043,8,4
try that,0.7733738500901043,8,4
it that,0.7733738500901043,8,4
do not,0.7733738500901043,8,4
to move,0.7733738500901043,8,4
the pet,0.7733738500901043,8,4
that my,0.7733738500901043,8,4
and boosts,0.7733738500901043,8,4
hit,0.7733738500901043,8,4
using the,0.7733738500901043,8,4
grounds,0.7727199075559956,13,8
works every,0.7727199075559956,13,8
moving,0.7727199075559956,13,8
keep the,0.7727199075559956,13,8
the bottom,0.7727199075559956,13,8
out of,0.7727199075559956,13,8
said after,0.7651959547207012,21,15
microwaved,0.7515994926748001,14,9
lines,0.7515994926748001,14,9
room,0.7458763659606564,23,17
so if,0.733579287597179,15,10
business,0.733579287597179,15,10
cleans,0.733579287597179,15,10
blogger,0.733579287597179,15,10
makes hair,0.7332189083570732,9,5
pharmacist said,0.7332189083570732,9,5
lock,0.7332189083570732,9,5
tiny,0.7332189083570732,9,5
mark,0.7332189083570732,9,5
vinegar cures,0.7332189083570732,9,5
cool,0.7332189083570732,9,5
the oil,0.7332189083570732,9,5
inflammation,0.7332189083570732,9,5
saves,0.7180588431643338,16,11
always works,0.7180588431643338,16,11
proof,0.7180588431643338,16,11
that and,0.7180588431643338,16,11
it was,0.7116757574990332,28,22
higher,0.7045860236202988,17,12
makes sense,0.7045860236202988,17,12
country,0.7018322543753746,10,6
the car,0.7018322543753746,10,6
disconnect,0.7018322543753746,10,6
stock,0.7018322543753746,10,6
the most,0.7018322543753746,10,6
best for,0.7018322543753746,10,6
travel agent,0.7018322543753746,10,6
tomatoes,0.7018322543753746,10,6
great i'll,0.7018322543753746,10,6
in days,0.7018322543753746,10,6
drain,0.68246881136123,19,14
said is,0.68246881136123,19,14
the first,0.6789279841450533,37,31
push,0.6766749392878839,11,7
early,0.6766749392878839,11,7
them in,0.6766749392878839,11,7
whitens,0.6766749392878839,11,7
increase,0.6766749392878839,11,7
injury,0.6766749392878839,11,7
cancel,0.6766749392878839,11,7
hot water,0.6766749392878839,11,7
of water,0.6766749392878839,11,7
came,0.6766749392878839,11,7
cider,0.6766749392878839,11,7
cider vinegar,0.6766749392878839,11,7
means the,0.6766749392878839,11,7
ones,0.6766749392878839,11,7
just as,0.6766749392878839,11,7
apple cider,0.6766749392878839,11,7
gets,0.6733365039313619,20,15
but they,0.6733365039313619,20,15
proven to,0.665242394614302,21,16
cleaner,0.665242394614302,21,16
detox,0.665242394614302,21,16
open,0.665242394614302,21,16
stops,0.665242394614302,21,16
vinegar,0.660474792191385,53,47
speed,0.6580446501522573,22,17
your phone,0.6561180118431628,12,8
write,0.6561180118431628,12,8
insomnia,0.6561180118431628,12,8
each,0.6561180118431628,12,8
well,0.6561180118431628,12,8
all parts,0.6561180118431628,12,8
my neighbor,0.6407551226416223,25,20
sugar,0.6407551226416223,25,20
dog,0.6407551226416223,25,20
summer,0.6390642042600978,13,9
cutting,0.6390642042600978,13,9
market,0.6390642042600978,13,9
twice as,0.6390642042600978,13,9
but my,0.6390642042600978,13,9
protect,0.6390642042600978,13,9
always better,0.6390642042600978,13,9
the market,0.6252012742323846,7,4
burned,0.6252012742323846,7,4
good as,0.6252012742323846,7,4
makes your,0.6252012742323846,7,4
game,0.6252012742323846,7,4
says should,0.6252012742323846,7,4
guarantees,0.6252012742323846,7,4
safe if,0.6252012742323846,7,4
hang,0.6252012742323846,7,4
empty,0.6252012742323846,7,4
and eat,0.6252012742323846,7,4
can write,0.6252012742323846,7,4
in weeks,0.6252012742323846,7,4
special,0.6252012742323846,7,4
removes all,0.6252012742323846,7,4
the new,0.6247450161668457,14,10
card,0.6219944768313652,30,25
sleep,0.6143342023260125,71,66
headline said,0.6126047717612656,15,11
static stretching,0.6126047717612656,15,11
if don't,0.6126047717612656,15,11
way,0.6049174925546704,58,53
said need,0.6029407811677355,44,39
video,0.6026190930368082,52,47
reduces puffiness,0.6023968704263549,46,41
my dad,0.6022308687100111,16,12
dad,0.6022308687100111,16,12
chocolate,0.5933099820966508,17,13
realistic,0.5933099820966508,17,13
your eyes,0.5933099820966508,17,13
quickly,0.5927674521518629,8,5
the book,0.5927674521518629,8,5
my gym,0.5927674521518629,8,5
media,0.5927674521518629,8,5
will double,0.5927674521518629,8,5
starting,0.5927674521518629,8,5
rose,0.5927674521518629,8,5
only on,0.5927674521518629,8,5
but it,0.5927674521518629,8,5
reverses,0.5927674521518629,8,5
as the,0.5927674521518629,8,5
soon,0.5927674521518629,8,5
living,0.5927674521518629,8,5
teaspoon,0.5927674521518629,8,5
my son,0.5927674521518629,8,5
sell,0.5927674521518629,8,5
two hours,0.5927674521518629,8,5
adding,0.5855995553307201,18,14
applying,0.5789086611680561,19,15
oil change,0.573084806173342,20,16
paste,0.5682016600914642,9,6
my mom,0.5682016600914642,9,6
your body,0.5682016600914642,9,6
build,0.5682016600914642,9,6
and then,0.5682016600914642,9,6
yearly,0.5682016600914642,9,6
damages,0.5682016600914642,9,6
cleanse,0.5682016600914642,9,6
save money,0.5682016600914642,9,6
rubbing,0.5682016600914642,9,6
takes,0.5682016600914642,9,6
alarm,0.5682016600914642,9,6
yellow,0.5682016600914642,9,6
taxes,0.5682016600914642,9,6
fee,0.5680046187822817,21,17
fact,0.5680046187822817,21,17
gluten,0.5680046187822817,21,17
group,0.5668737752443245,72,68
window,0.5635671419253158,22,18
per,0.5596889130436885,23,19
the right,0.5490614885319823,10,7
depression,0.5490614885319823,10,7
grain-free,0.5490614885319823,10,7
wool,0.5490614885319823,10,7
should stop,0.5490614885319823,10,7
from your,0.5490614885319823,10,7
many,0.5490614885319823,10,7
salesperson said,0.548529244066902,27,23
fully,0.5476688496814677,55,51
guaranteed,0.5465945795868861,28,24
plant,0.5449310396201699,29,25
charges,0.540772204945299,46,42
year,0.5388092978965325,41,37
fix,0.5387174082251528,37,33
five stages,0.5338346088924194,11,8
calories,0.5338346088924194,11,8
salesman,0.5338346088924194,11,8
passport,0.5338346088924194,11,8
the article,0.5338346088924194,11,8
cotton,0.5338346088924194,11,8
later,0.5338346088924194,11,8
shop,0.5334877340947157,81,78
apple,0.5215302503755423,12,9
need new,0.5215302503755423,12,9
and see,0.5215302503755423,12,9
tree,0.5215302503755423,12,9
looks,0.5215302503755423,12,9
commercial,0.5215302503755423,12,9
cold,0.5176857459248503,153,154
freelancer,0.5114699484405386,13,10
minute,0.5114699484405386,13,10
forum said,0.5114699484405386,13,10
every months,0.5114699484405386,13,10
while,0.5114699484405386,13,10
app says,0.5114699484405386,13,10
deep,0.5114699484405386,13,10
my engine,0.5031722265820504,14,11
documentary,0.5031722265820504,14,11
hiccups,0.5031722265820504,14,11
memory,0.5031722265820504,14,11
my doctor,0.496285219282605,15,12
needed,0.49231409182568103,55,52
parts,0.48939694887988916,53,50
light,0.4879650503696986,52,49
message,0.48575113523560803,17,14
app,0.48379479697525274,49,46
prevents,0.48379479697525274,49,46
feet,0.48174552953789923,18,15
stretching,0.48174552953789923,18,15
sense,0.48174552953789923,18,15
office,0.48174552953789923,18,15
during,0.4784044098871051,19,16
vegetables,0.4756282206434493,20,17
covers,0.4733361550142508,21,18
rest,0.4733361550142508,21,18
is enough,0.47193078415818096,39,36
oil every,0.47146191195135767,22,19
eyes,0.46995056314548606,23,20
every miles,0.46923537427130474,71,69
mechanic said,0.46763562494708494,92,91
dry,0.46716964057864546,26,23
slices,0.4667166120132824,27,24
milk,0.46664401787329424,31,28
bags,0.46664401787329424,31,28
i'll skip,0.46643761841558146,30,27
parents,0.46392393055375203,6,4
the dose,0.46392393055375203,6,4
is correct,0.46392393055375203,6,4
carry,0.46392393055375203,6,4
you lose,0.46392393055375203,6,4
causing,0.46392393055375203,6,4
and if,0.46392393055375203,6,4
the landlord,0.46392393055375203,6,4
handle,0.46392393055375203,6,4
deadline,0.46392393055375203,6,4
called,0.46392393055375203,6,4
on tv,0.46392393055375203,6,4
avoid the,0.46392393055375203,6,4
on instagram,0.46392393055375203,6,4
drains,0.46392393055375203,6,4
bit,0.46392393055375203,6,4
to your,0.46392393055375203,6,4
birth,0.46392393055375203,6,4
and water,0.46392393055375203,6,4
needed i'll,0.46392393055375203,6,4
to protect,0.46392393055375203,6,4
said an,0.46392393055375203,6,4
force,0.46392393055375203,6,4
said their,0.46392393055375203,6,4
first,0.44842896387766995,83,82
should take,0.44173678720359594,7,5
the company,0.44173678720359594,7,5
contractor said,0.44173678720359594,7,5
should keep,0.44173678720359594,7,5
for any,0.44173678720359594,7,5
check it,0.44173678720359594,7,5
fix my,0.44173678720359594,7,5
toddler,0.44173678720359594,7,5
said small,0.44173678720359594,7,5
flush every,0.44173678720359594,7,5
pregnant,0.44173678720359594,7,5
to cure,0.44173678720359594,7,5
social media,0.44173678720359594,7,5
extender,0.44173678720359594,7,5
auto,0.44173678720359594,7,5
exercises,0.4258138023634323,8,6
wellness influencer,0.4258138023634323,8,6
phone overnight,0.4258138023634323,8,6
writing,0.4258138023634323,8,6
hearing,0.4258138023634323,8,6
best way,0.4258138023634323,8,6
cousin,0.4258138023634323,8,6
my cousin,0.4258138023634323,8,6
loses,0.4258138023634323,8,6
fall,0.4258138023634323,8,6
can be,0.4258138023634323,8,6
rebuild,0.4258138023634323,8,6
else,0.4258138023634323,8,6
home office,0.4258138023634323,8,6
works for,0.4258138023634323,8,6
flushing,0.4258138023634323,8,6
to test,0.4258138023634323,8,6
neighbor said,0.4258138023634323,8,6
the container,0.4215851844995592,47,45
covered,0.41405059715457526,9,7
speeds,0.41405059715457526,9,7
package,0.41405059715457526,9,7
an online,0.41405059715457526,9,7
rev,0.41405059715457526,9,7
me my,0.41405059715457526,9,7
the signal,0.41405059715457526,9,7
pills,0.41405059715457526,9,7
not to,0.41405059715457526,9,7
half,0.41405059715457526,9,7
three days,0.41405059715457526,9,7
planning,0.41405059715457526,9,7
laundry,0.41405059715457526,9,7
dead battery,0.41405059715457526,9,7
gluten-free,0.41405059715457526,9,7
just use,0.4080592775248356,40,38
good to,0.4051982182006174,10,8
engine will,0.4051982182006174,10,8
pregnancy,0.4051982182006174,10,8
and will,0.4051982182006174,10,8
terminal,0.4051982182006174,10,8
injuries,0.4051982182006174,10,8
labelled,0.4051982182006174,10,8
says if,0.404671231885955,83,83
fully charges,0.4043357855148436,38,36
of driving,0.3989412824360445,35,33
mode,0.3984650662319677,11,9
ac,0.3984650662319677,11,9
things,0.3984650662319677,11,9
gives you,0.3984650662319677,11,9
pharmacist,0.3984650662319677,11,9
matter what,0.3984650662319677,11,9
high,0.3972077848407658,34,32
dangerous,0.39551367154508543,33,31
neighbour says,0.39551367154508543,33,31
should avoid,0.3933234458282093,12,10
learn,0.3933234458282093,12,10
color,0.3933234458282093,12,10
permanent,0.3933234458282093,12,10
oil is,0.3933234458282093,12,10
dishwasher,0.3933234458282093,12,10
hours of,0.39226452989024235,31,29
every years,0.3894072246525386,13,11
accept,0.3894072246525386,13,11
for everyone,0.3894072246525386,13,11
chart,0.3894072246525386,13,11
sitting,0.3894072246525386,13,11
so hours,0.3878374263751602,28,26
have to,0.3864539734421247,14,12
break,0.3864539734421247,14,12
okay but,0.3864539734421247,14,12
plumber,0.3864539734421247,14,12
colds,0.3864539734421247,14,12
rice,0.3864539734421247,14,12
premium,0.3864539734421247,14,12
microwave-safe,0.3864539734421247,14,12
tea bags,0.3852850371946864,26,24
stick to,0.3842704564103735,15,13
mold,0.3831638115350959,24,22
blue,0.3831638115350959,24,22
my grandmother,0.38271112165834253,16,14
sunscreen,0.38230539046639234,23,21
glasses,0.38230539046639234,23,21
it's required,0.38166418996864115,17,15
cold milk,0.38166418996864115,17,15
made,0.38104237053146256,18,16
apply,0.38104237053146256,18,16
times,0.38081104552892886,20,18
dark,0.38077649455447926,19,17
the,0.36825520286261043,3197,3511
buying,0.3358325217559859,37,36
charges battery,0.3303052753999843,35,34
reduces,0.32933007648618984,55,55
enough,0.3242582144604917,70,71
the battery,0.3163147238935183,30,29
better than,0.3163147238935183,30,29
shop says,0.31067699205131755,28,27
most,0.3078573311981238,27,26
says hours,0.30223203407416716,25,24
dead,0.29943461206697475,24,23
replacement,0.29943461206697475,24,23
probably,0.2966542631559953,23,22
youtube,0.2966542631559953,23,22
from the,0.2938975728706592,22,21
minutes of,0.2911725724987712,21,20
ad says,0.2911627132754622,43,43
reduce,0.28585934410174296,19,18
acid,0.283298385105401,18,17
static,0.283298385105401,18,17
so need,0.27846373033119426,16,15
at night,0.27846373033119426,16,15
washing,0.27846373033119426,16,15
ruins the,0.278107441788215,6,5
apps,0.278107441788215,6,5
issues,0.278107441788215,6,5
that possible,0.278107441788215,6,5
sets,0.278107441788215,6,5
plumber said,0.278107441788215,6,5
labels mean,0.278107441788215,6,5
should try,0.278107441788215,6,5
and stops,0.278107441788215,6,5
client,0.278107441788215,6,5
back to,0.278107441788215,6,5
him to,0.278107441788215,6,5
is necessary,0.278107441788215,6,5
instagram,0.278107441788215,6,5
faster than,0.278107441788215,6,5
hurt,0.278107441788215,6,5
on youtube,0.278107441788215,6,5
cancer and,0.278107441788215,6,5
got an,0.278107441788215,6,5
lot of,0.278107441788215,6,5
near the,0.278107441788215,6,5
them for,0.278107441788215,6,5
above,0.278107441788215,6,5
experience,0.278107441788215,6,5
back,0.2772794355730502,39,39
case,0.2762447352088177,15,14
so my,0.2762447352088177,15,14
replace the,0.2762447352088177,15,14
contract,0.2762447352088177,15,14
stages,0.2762447352088177,15,14
deduct,0.27420801597592714,14,13
said only,0.2732476959613337,7,6
in summer,0.2732476959613337,7,6
once month,0.2732476959613337,7,6
prevent eye,0.2732476959613337,7,6
flights,0.2732476959613337,7,6
repairs,0.2732476959613337,7,6
someone said,0.2732476959613337,7,6
the law,0.2732476959613337,7,6
truth,0.2732476959613337,7,6
maximum,0.2732476959613337,7,6
resume,0.2732476959613337,7,6
says an,0.2732476959613337,7,6
upgrade,0.2732476959613337,7,6
additive,0.2732476959613337,7,6
of your,0.2732476959613337,7,6
it doesn't,0.2732476959613337,7,6
perfect i'll,0.2732476959613337,7,6
you'll,0.272405967086595,13,12
the minimum,0.272405967086595,13,12
recruiter,0.272405967086595,13,12
stomach,0.27090873059137766,12,11
ai,0.27090873059137766,12,11
i'll ignore,0.27090873059137766,12,11
bread,0.27090873059137766,12,11
main,0.27090873059137766,12,11
for six,0.2705987410190202,8,7
has no,0.2705987410190202,8,7
the agent,0.2705987410190202,8,7
microwave-safe plastic,0.2705987410190202,8,7
jump,0.2705987410190202,8,7
panels,0.2705987410190202,8,7
changes every,0.2705987410190202,8,7
it before,0.2705987410190202,8,7
release,0.2705987410190202,8,7
to clean,0.2705987410190202,8,7
revving,0.2705987410190202,8,7
magnesium,0.2705987410190202,8,7
anyone,0.2705987410190202,8,7
financial,0.2698121299432949,11,10
it with,0.2698121299432949,11,10
change engine,0.2698121299432949,11,10
raise,0.2698121299432949,11,10
the podcast,0.26941633003753035,9,8
the router,0.26941633003753035,9,8
and must,0.26941633003753035,9,8
scientifically,0.26941633003753035,9,8
need oil,0.26941633003753035,9,8
it says,0.26941633003753035,9,8
sun,0.26941633003753035,9,8
week is,0.2692502649484985,10,9
years and,0.2692502649484985,10,9
blogger says,0.2692502649484985,10,9
every year,0.2692502649484985,10,9
soaking,0.2692502649484985,10,9
replaced,0.2692502649484985,10,9
cats,0.2692502649484985,10,9
off the,0.2692502649484985,10,9
won't,0.26537808140390623,52,53
of the,0.25504573800822267,33,33
driving fully,0.25114934338102374,32,32
together reduces,0.24719168738544006,31,31
using cold,0.24719168738544006,31,31
long,0.24316977889594488,30,30
brand,0.23908037528237938,29,29
vitamin,0.23908037528237938,29,29
hair,0.22681433564296677,42,43
system,0.2219722908413266,25,25
under,0.2219722908413266,25,25
is extra,0.2174855154652917,24,24
spoons,0.21290437847923205,23,23
score,0.21290437847923205,23,23
change,0.2118760676166049,65,68
cucumber slices,0.20822265177821223,22,22
gym,0.2034333906906566,21,21
friend says,0.20325380752667635,164,176
if you,0.20009751813644158,62,65
and cold,0.19852881296073416,20,20
post,0.1959400736328627,73,77
puffiness better,0.19350015011252938,19,19
or my,0.19350015011252938,19,19
call,0.18833746307823077,18,18
battery,0.18652147687578413,137,147
cold tea,0.18302941099192024,17,17
enough i'll,0.18146885182224126,32,33
grandmother,0.17756295773162803,16,16
you don't,0.17756295773162803,16,16
cold cucumber,0.17192299440954462,15,15
coworker says,0.17192299440954462,15,15
first miles,0.17192299440954462,15,15
lowers,0.17192299440954462,15,15
is on,0.17124255187114007,30,31
replacement need,0.1660918463681797,14,14
says minutes,0.1660918463681797,14,14
website,0.1660918463681797,14,14
should always,0.1660918463681797,14,14
wash,0.1660918463681797,14,14
that makes,0.1660918463681797,14,14
schedule,0.16594503377354394,29,30
chemicals,0.1600486183166579,13,13
puffiness best,0.1600486183166579,13,13
on the,0.1589586854077968,75,80
wear,0.15493829700213677,27,28
use the,0.15493829700213677,27,28
that in,0.15376830749186374,12,12
pet store,0.15376830749186374,12,12
no matter,0.15376830749186374,12,12
worker,0.15376830749186374,12,12
replacing every,0.15376830749186374,12,12
need an,0.15376830749186374,12,12
travel,0.1492089321703206,26,27
agent,0.1492089321703206,26,27
spoons and,0.14722057573057418,11,11
bags together,0.14722057573057418,11,11
label the,0.14722057573057418,11,11
wedding,0.14722057573057418,11,11
bacteria,0.14722057573057418,11,11
safe for,0.14722057573057418,11,11
two years,0.14722057573057418,11,11
my credit,0.14722057573057418,11,11
i'll drive,0.14647933761816806,38,40
putting,0.14119001257201788,37,39
container is,0.14119001257201788,37,39
says my,0.1403680049391129,10,10
workout,0.1403680049391129,10,10
soft,0.1403680049391129,10,10
believe,0.1403680049391129,10,10
months is,0.1403680049391129,10,10
entire,0.1403680049391129,10,10
for hours,0.1403680049391129,10,10
rinse,0.1403680049391129,10,10
facebook,0.1331635425417752,9,9
password,0.1331635425417752,9,9
tyre shop,0.1331635425417752,9,9
says applying,0.1331635425417752,9,9
the day,0.1331635425417752,9,9
setting,0.1331635425417752,9,9
eyes reduces,0.1331635425417752,9,9
for an,0.1331635425417752,9,9
water on,0.1331635425417752,9,9
itself,0.1331635425417752,9,9
weak,0.1331635425417752,9,9
book says,0.1331635425417752,9,9
mattress,0.1331635425417752,9,9
brands,0.1331635425417752,9,9
cloud,0.1331635425417752,9,9
cucumber,0.130968794822189,23,24
chat,0.1255466234927602,8,8
slices and,0.1255466234927602,8,8
tiktok says,0.1255466234927602,8,8
agent says,0.1255466234927602,8,8
known,0.1255466234927602,8,8
caused,0.1255466234927602,8,8
foam,0.1255466234927602,8,8
stretching before,0.1255466234927602,8,8
the main,0.1255466234927602,8,8
inspection,0.1255466234927602,8,8
breaks,0.1255466234927602,8,8
destroy,0.1255466234927602,8,8
small,0.1245976982550817,34,36
should never,0.12448719200142455,22,23
running,0.11777391378582755,21,22
leaves,0.1174370198531575,7,7
whitens teeth,0.1174370198531575,7,7
smell,0.1174370198531575,7,7
up to,0.1174370198531575,7,7
kills all,0.1174370198531575,7,7
your car,0.1174370198531575,7,7
dirty,0.1174370198531575,7,7
ignore it,0.1174370198531575,7,7
synthetic oil,0.1174370198531575,7,7
freezing,0.1174370198531575,7,7
water cold,0.1174370198531575,7,7
milk together,0.1174370198531575,7,7
it's real,0.1174370198531575,7,7
saw post,0.1174370198531575,7,7
leaks,0.1174370198531575,7,7
go to,0.1174370198531575,7,7
are safe,0.1174370198531575,7,7
cv,0.1174370198531575,7,7
to change,0.11080622051866598,20,21
doctor said,0.10872454158962519,6,6
others,0.10872454158962519,6,6
tip,0.10872454158962519,6,6
slices together,0.10872454158962519,6,6
know that,0.10872454158962519,6,6
coverage,0.10872454158962519,6,6
sides the,0.10872454158962519,6,6
course,0.10872454158962519,6,6
corrosion,0.10872454158962519,6,6
headache,0.10872454158962519,6,6
said most,0.10872454158962519,6,6
says microwave-safe,0.10872454158962519,6,6
my oil,0.10872454158962519,6,6
everyone says,0.10872454158962519,6,6
pest,0.10872454158962519,6,6
brake pads,0.10872454158962519,6,6
slices cold,0.10872454158962519,6,6
wheel,0.10872454158962519,6,6
the soil,0.10872454158962519,6,6
spoonful of,0.10872454158962519,6,6
microwaving vegetables,0.10872454158962519,6,6
mileage,0.10872454158962519,6,6
the plant,0.10872454158962519,6,6
it's preventive,0.10872454158962519,6,6
fear,0.10872454158962519,6,6
preventive,0.10872454158962519,6,6
fitness influencer,0.10872454158962519,6,6
foods,0.10872454158962519,6,6
the dead,0.10872454158962519,6,6
said that's,0.10872454158962519,6,6
bags and,0.10872454158962519,6,6
caused by,0.10872454158962519,6,6
that is,0.10355773538908897,19,20
pull,0.10355773538908897,19,20
diet,0.10355773538908897,19,20
side the,0.09925054963581306,5,5
set is,0.09925054963581306,5,5
skin is,0.09925054963581306,5,5
just need,0.09925054963581306,5,5
safe label,0.09925054963581306,5,5
key,0.09925054963581306,5,5
this new,0.09925054963581306,5,5
only one,0.09925054963581306,5,5
components the,0.09925054963581306,5,5
and only,0.09925054963581306,5,5
reverse,0.09925054963581306,5,5
supplements,0.09925054963581306,5,5
looking,0.09925054963581306,5,5
an email,0.09925054963581306,5,5
are proven,0.09925054963581306,5,5
because they're,0.09925054963581306,5,5
it won't,0.09925054963581306,5,5
recruiter told,0.09925054963581306,5,5
milk cold,0.09925054963581306,5,5
month or,0.09925054963581306,5,5
food in,0.09925054963581306,5,5
so there's,0.09925054963581306,5,5
missing,0.09925054963581306,5,5
is microwave,0.09925054963581306,5,5
and tea,0.09925054963581306,5,5
was,0.09413704124230927,129,141
parts store,0.09404500601934261,29,31
mechanic says,0.09002607162873028,39,42
salesperson,0.09002607162873028,39,42
other,0.08056338121010584,27,29
within,0.08056338121010584,27,29
career,0.07979016822604164,16,17
and you,0.07979016822604164,16,17
unsafe,0.07979016822604164,16,17
so is,0.07979016822604164,16,17
with the,0.07104746785209486,15,16
need replacing,0.07104746785209486,15,16
nitrogen,0.07104746785209486,15,16
cars,0.07104746785209486,15,16
miles for,0.07104746785209486,15,16
problem,0.06179801164848769,14,15
ceramic,0.06179801164848769,14,15
because they,0.05862008099763644,24,26
tires,0.05862008099763644,24,26
fuel,0.05862008099763644,24,26
machine,0.05196351705928313,13,14
works,0.05131465680205473,163,180
says putting,0.04260022466305807,22,24
line,0.041445835194136554,12,13
bank,0.041445835194136554,12,13
muscle,0.041445835194136554,12,13
fever,0.041445835194136554,12,13
look for,0.03818408495857067,31,34
alignment,0.030119684206513436,11,12
engine oil,0.030119684206513436,11,12
they'll,0.030119684206513436,11,12
cold spoons,0.025206257162477985,20,22
red,0.02249233120462368,38,42
ph,0.017821773936827923,10,11
likely,0.017821773936827923,10,11
company says,0.017821773936827923,10,11
and prevents,0.017821773936827923,10,11
an influencer,0.017821773936827923,10,11
charcoal,0.017821773936827923,10,11
tech,0.01590151982436534,19,21
paying,0.01590151982436534,19,21
recommended,0.01590151982436534,19,21
soda,0.015668544797221334,37,41
wifi,0.015554160315124094,28,31
as,0.012371218763949768,169,188
email,0.00750797414286584,27,30
drop,0.006129693283530191,18,20
is definitely,0.0043339645500462785,9,10
camera,0.0043339645500462785,9,10
fatigue,0.0043339645500462785,9,10
grandmother says,0.0043339645500462785,9,10
kitchen,0.0043339645500462785,9,10
another,-0.004166161540052502,17,19
online,-0.00946307021388943,25,28
influencer says,-0.00946307021388943,25,28
fluent,-0.010643890004423413,8,9
ever,-0.010643890004423413,8,9
jobs,-0.010643890004423413,8,9
patch,-0.010643890004423413,8,9
in three,-0.010643890004423413,8,9
benefits,-0.010643890004423413,8,9
guy at,-0.010643890004423413,8,9
symbol,-0.010643890004423413,8,9
youtube video,-0.010643890004423413,8,9
podcast said,-0.015053924171399875,16,18
aunt says,-0.015053924171399875,16,18
red wine,-0.015053924171399875,16,18
healthy,-0.015053924171399875,16,18
just,-0.017253781178530336,332,371
run,-0.026615350122073396,15,17
crash,-0.027539918105909403,7,8
large,-0.027539918105909403,7,8
caffeine,-0.027539918105909403,7,8
post saying,-0.027539918105909403,7,8
filter every,-0.027539918105909403,7,8
mixing,-0.027539918105909403,7,8
deficiency,-0.027539918105909403,7,8
board,-0.027539918105909403,7,8
says eating,-0.027539918105909403,7,8
weight loss,-0.027539918105909403,7,8
car battery,-0.027539918105909403,7,8
my manager,-0.027539918105909403,7,8
my money,-0.027539918105909403,7,8
weight,-0.02778050195119841,23,26
follow that,-0.03895004356419601,14,16
soil,-0.03895004356419601,14,16
as long,-0.03895004356419601,14,16
cause,-0.046636545549565166,53,60
as well,-0.046992874957317195,6,7
doubles,-0.046992874957317195,6,7
an interview,-0.046992874957317195,6,7
enough for,-0.046992874957317195,6,7
taste,-0.046992874957317195,6,7
says plastic,-0.046992874957317195,6,7
number is,-0.046992874957317195,6,7
mix,-0.046992874957317195,6,7
tank,-0.046992874957317195,6,7
but it's,-0.046992874957317195,6,7
milk and,-0.046992874957317195,6,7
fabric,-0.046992874957317195,6,7
be replaced,-0.046992874957317195,6,7
terminals,-0.046992874957317195,6,7
weekly,-0.046992874957317195,6,7
photo,-0.046992874957317195,6,7
sore,-0.046992874957317195,6,7
on your,-0.04770719526034727,21,24
to that,-0.05218093339424929,13,15
kill,-0.05218093339424929,13,15
can't,-0.05363760122314548,36,41
needs,-0.05509136877646056,28,32
deposit,-0.06646198002298352,12,14
comment,-0.06646198002298352,12,14
standing,-0.06646198002298352,12,14
tax,-0.06646198002298352,12,14
legally,-0.06646198002298352,12,14
your feet,-0.07001237371265247,5,6
worn,-0.07001237371265247,5,6
after the,-0.07001237371265247,5,6
napoleon,-0.07001237371265247,5,6
are unsafe,-0.07001237371265247,5,6
says any,-0.07001237371265247,5,6
saying my,-0.07001237371265247,5,6
the average,-0.07001237371265247,5,6
after an,-0.07001237371265247,5,6
makes you,-0.07001237371265247,5,6
night is,-0.07001237371265247,5,6
keeping,-0.07001237371265247,5,6
returns,-0.07001237371265247,5,6
table,-0.07001237371265247,5,6
heard that,-0.07001237371265247,5,6
is still,-0.07001237371265247,5,6
is unsafe,-0.07001237371265247,5,6
for days,-0.07001237371265247,5,6
to take,-0.07001237371265247,5,6
friend insists,-0.07001237371265247,5,6
outside,-0.07001237371265247,5,6
spread,-0.07001237371265247,5,6
website says,-0.07001237371265247,5,6
to kill,-0.07001237371265247,5,6
hour,-0.07380459723114517,26,30
the engine,-0.08140389192692278,18,21
improves,-0.08140389192692278,18,21
the forum,-0.08140389192692278,18,21
it up,-0.08198928094752264,11,13
are always,-0.08198928094752264,11,13
medicine,-0.08198928094752264,11,13
person,-0.08198928094752264,11,13
days is,-0.08198928094752264,11,13
rain,-0.08198928094752264,11,13
has the,-0.08198928094752264,11,13
neighbor,-0.0868964355095964,32,37
work,-0.09140335492395484,77,88
interview,-0.09389525247439028,17,20
my car,-0.09400280282530088,24,28
assume,-0.09901751418833182,10,12
track,-0.09901751418833182,10,12
and is,-0.09901751418833182,10,12
to prevent,-0.09901751418833182,10,12
water and,-0.09901751418833182,10,12
garden,-0.09901751418833182,10,12
amount,-0.11788506414851564,9,11
kit,-0.11788506414851564,9,11
fridge,-0.11788506414851564,9,11
social,-0.11788506414851564,9,11
leak,-0.12127739756631485,15,18
code,-0.12127739756631485,15,18
up,-0.1333588742108664,107,123
consultant,-0.1364016355035629,14,17
for my,-0.13734638143258512,69,80
someone told,-0.13905386183933194,8,10
solar,-0.13905386183933194,8,10
with that,-0.13905386183933194,8,10
comes,-0.13905386183933194,8,10
probiotic,-0.13905386183933194,8,10
hack,-0.13905386183933194,8,10
longer,-0.14004624178174385,20,24
long as,-0.15268134806031508,13,16
trainer,-0.15268134806031508,13,16
people,-0.16268735108142532,51,60
says soaking,-0.16317540773879768,7,9
the correct,-0.16317540773879768,7,9
change every,-0.16317540773879768,7,9
percent,-0.16317540773879768,7,9
explains,-0.16317540773879768,7,9
i'll save,-0.16317540773879768,7,9
within minutes,-0.16317540773879768,7,9
have the,-0.16317540773879768,7,9
coating,-0.16317540773879768,7,9
weeks is,-0.16317540773879768,7,9
problems,-0.16317540773879768,7,9
is real,-0.16317540773879768,7,9
should be,-0.16813355165178093,24,29
free,-0.1703126319949397,12,15
synthetic,-0.1703126319949397,12,15
manager,-0.1703126319949397,12,15
news,-0.1703126319949397,12,15
batteries,-0.18124261924241777,17,21
cooking,-0.18124261924241777,17,21
our,-0.1820444409027282,29,35
says using,-0.18529220699407456,35,42
even if,-0.18954372692211124,11,14
the headline,-0.19120621088550543,6,8
paying for,-0.19120621088550543,6,8
water for,-0.19120621088550543,6,8
bike,-0.19120621088550543,6,8
if only,-0.19120621088550543,6,8
aid,-0.19120621088550543,6,8
supplement ad,-0.19120621088550543,6,8
dentist,-0.19120621088550543,6,8
time is,-0.19120621088550543,6,8
lead,-0.19120621088550543,6,8
value,-0.19120621088550543,6,8
confident,-0.19120621088550543,6,8
the fridge,-0.19120621088550543,6,8
life,-0.19279429578911544,22,27
keeps,-0.21069460506855556,10,13
an oil,-0.21069460506855556,10,13
slow,-0.21069460506855556,10,13
says all,-0.21069460506855556,10,13
signal,-0.21069460506855556,10,13
protection,-0.21069460506855556,10,13
says need,-0.21069460506855556,10,13
minutes day,-0.21069460506855556,10,13
day is,-0.21313142292103207,15,19
your score,-0.22462353292255816,5,7
well as,-0.22462353292255816,5,7
should go,-0.22462353292255816,5,7
following,-0.22462353292255816,5,7
separate,-0.22462353292255816,5,7
was the,-0.22462353292255816,5,7
pain is,-0.22462353292255816,5,7
technician,-0.22462353292255816,5,7
my wifi,-0.22462353292255816,5,7
says taking,-0.22462353292255816,5,7
death,-0.22462353292255816,5,7
devices,-0.22462353292255816,5,7
year is,-0.22462353292255816,5,7
must never,-0.22462353292255816,5,7
brain,-0.22816207664071372,25,31
prevent,-0.22816207664071372,25,31
laptop,-0.23078204279121584,14,18
vet,-0.23078204279121584,14,18
bill,-0.23418644631547295,9,12
list,-0.23418644631547295,9,12
headaches,-0.23418644631547295,9,12
up the,-0.23418644631547295,9,12
wellness blog,-0.23418644631547295,9,12
place,-0.23418644631547295,9,12
training,-0.23418644631547295,9,12
you can,-0.23783538485642017,48,58
baking soda,-0.24838235903961106,29,36
neighbor says,-0.24980376211097338,13,17
were,-0.24980376211097338,13,17
send,-0.24996659917355607,18,23
group says,-0.254179292753927,23,29
gives,-0.254179292753927,23,29
the label,-0.2558683217272545,52,63
wellness,-0.2602004037020154,28,35
trick,-0.2605875135025108,8,11
property,-0.2605875135025108,8,11
symptoms,-0.2605875135025108,8,11
can deduct,-0.2605875135025108,8,11
someone,-0.2636971277475901,45,55
to improve,-0.26586443605253046,4,6
me that,-0.26586443605253046,4,6
the email,-0.26586443605253046,4,6
group chat,-0.26586443605253046,4,6
larger,-0.26586443605253046,4,6
life is,-0.26586443605253046,4,6
the maximum,-0.26586443605253046,4,6
naturally,-0.26586443605253046,4,6
that exact,-0.26586443605253046,4,6
store clerk,-0.26586443605253046,4,6
end,-0.26586443605253046,4,6
he says,-0.26586443605253046,4,6
and says,-0.26586443605253046,4,6
signs,-0.26586443605253046,4,6
sign of,-0.26586443605253046,4,6
if it,-0.26808647361930055,22,28
heart,-0.26808647361930055,22,28
detailer,-0.27042401521178144,12,16
correct,-0.2826701530156755,21,27
and need,-0.2837575466830764,16,21
coolant,-0.2906874666517295,7,10
air filter,-0.2906874666517295,7,10
tap water,-0.2906874666517295,7,10
changed,-0.2906874666517295,7,10
single,-0.2906874666517295,7,10
mesh,-0.2906874666517295,7,10
youtuber,-0.2906874666517295,7,10
watch,-0.2906874666517295,7,10
mention,-0.2906874666517295,7,10
and can,-0.2906874666517295,7,10
says the,-0.2914029277645182,42,52
in winter,-0.2929287158725782,11,15
or it,-0.2929287158725782,11,15
much,-0.2984850354677086,25,32
coach,-0.31206872479950876,63,77
headline,-0.31415233635724255,19,25
economy,-0.3176833614778727,10,14
fuel economy,-0.3176833614778727,10,14
lower,-0.3176833614778727,10,14
and should,-0.3222952998843184,14,19
tire shop,-0.3222952998843184,14,19
babies,-0.32562366617655614,6,9
become,-0.32562366617655614,6,9
wants,-0.32562366617655614,6,9
back pain,-0.32562366617655614,6,9
clerk said,-0.32562366617655614,6,9
furniture,-0.32562366617655614,6,9
carpet,-0.32562366617655614,6,9
cleaning,-0.3267773393609211,23,30
and that,-0.33122198229358146,18,24
dose,-0.3437874307246651,13,18
video says,-0.3437874307246651,13,18
light glasses,-0.34516430536195,9,13
gain,-0.34516430536195,9,13
liver,-0.34516430536195,9,13
frequency,-0.34516430536195,9,13
waste,-0.34516430536195,9,13
grief,-0.34516430536195,9,13
quick,-0.34516430536195,9,13
meal,-0.34516430536195,9,13
spend,-0.34516430536195,9,13
credit score,-0.34516430536195,9,13
own,-0.34931537262686796,17,23
rate,-0.34931537262686796,17,23
rent,-0.36707971095640957,12,17
says to,-0.36710882406647644,5,8
sidewall,-0.36710882406647644,5,8
saying it,-0.36710882406647644,5,8
teacher says,-0.36710882406647644,5,8
health blog,-0.36710882406647644,5,8
always means,-0.36710882406647644,5,8
so no,-0.36710882406647644,5,8
event,-0.36710882406647644,5,8
starter,-0.36710882406647644,5,8
chronic,-0.36710882406647644,5,8
there are,-0.36710882406647644,5,8
certificate,-0.36710882406647644,5,8
recovery,-0.36710882406647644,5,8
noise,-0.36710882406647644,5,8
my card,-0.36710882406647644,5,8
sheet,-0.36710882406647644,5,8
because of,-0.36760052805418036,25,33
store says,-0.36760052805418036,25,33
professional,-0.37600655447389025,8,12
at all,-0.37600655447389025,8,12
heart disease,-0.37600655447389025,8,12
at the,-0.3888521415223795,33,43
baking,-0.3888521415223795,33,43
viral post,-0.39248451207550183,11,16
eye strain,-0.39248451207550183,11,16
engine,-0.40635601639393026,57,72
years is,-0.41059719991164745,18,25
count,-0.4110795233927229,7,11
meals,-0.4110795233927229,7,11
clerk,-0.4110795233927229,7,11
directly,-0.4110795233927229,7,11
public,-0.4110795233927229,7,11
here,-0.41787267309629855,4,7
the data,-0.41787267309629855,4,7
you can't,-0.41787267309629855,4,7
or i'll,-0.41787267309629855,4,7
capacity,-0.41787267309629855,4,7
change the,-0.41787267309629855,4,7
fees,-0.41787267309629855,4,7
that it's,-0.41787267309629855,4,7
requires,-0.41787267309629855,4,7
bar,-0.41787267309629855,4,7
conventional,-0.41787267309629855,4,7
to find,-0.41787267309629855,4,7
change is,-0.41787267309629855,4,7
heavy,-0.41787267309629855,4,7
get an,-0.41787267309629855,4,7
radiation,-0.42039787083196084,10,15
seller says,-0.42039787083196084,10,15
it can,-0.42039787083196084,10,15
tap,-0.42039787083196084,10,15
says it's,-0.42039787083196084,10,15
pet,-0.43027739854767,17,24
winter,-0.43484810546625297,13,19
worry,-0.4415082152603762,29,39
over,-0.44854967003895485,33,44
normal,-0.4493222317238752,20,28
minimum,-0.4512012237203628,16,23
you're,-0.45133093203266267,9,14
contractor,-0.45133093203266267,9,14
and use,-0.45133093203266267,9,14
fitness,-0.45133093203266267,9,14
miles is,-0.4514305396862524,24,33
dad says,-0.4516123778419945,6,10
landlord says,-0.4516123778419945,6,10
lube,-0.4516123778419945,6,10
i'll send,-0.4516123778419945,6,10
flat,-0.4516123778419945,6,10
balance,-0.4516123778419945,6,10
rotate,-0.4516123778419945,6,10
health site,-0.4516123778419945,6,10
relative,-0.4516123778419945,6,10
harmful,-0.4516123778419945,6,10
this is,-0.4516123778419945,6,10
the real,-0.4516123778419945,6,10
credit card,-0.4516123778419945,6,10
visa,-0.4605334892228593,12,18
seeing,-0.4605334892228593,12,18
filter,-0.46801482384279663,23,32
and not,-0.4682223141891092,19,27
to be,-0.48454841582352176,74,94
article,-0.48536916803860713,22,31
insurance,-0.48536916803860713,22,31
internet,-0.4859571835619927,8,13
power,-0.4859571835619927,8,13
often,-0.4859571835619927,8,13
skip it,-0.4859571835619927,8,13
dealership,-0.4859571835619927,8,13
you need,-0.4859571835619927,8,13
repair,-0.48851291679912034,11,17
music,-0.4994124834402841,5,9
station,-0.4994124834402841,5,9
version,-0.4994124834402841,5,9
community,-0.4994124834402841,5,9
change my,-0.4994124834402841,5,9
recipe,-0.4994124834402841,5,9
meat,-0.4994124834402841,5,9
says he,-0.4994124834402841,5,9
the cold,-0.4994124834402841,5,9
only need,-0.4994124834402841,5,9
digital,-0.4994124834402841,5,9
tell her,-0.4994124834402841,5,9
forwarded,-0.4994124834402841,5,9
bird,-0.4994124834402841,5,9
city,-0.5231808597918658,13,20
electric,-0.5231808597918658,13,20
regular,-0.5231808597918658,13,20
phones,-0.525185791221412,7,12
steam,-0.525185791221412,7,12
says microwaving,-0.525185791221412,7,12
hiking,-0.525185791221412,7,12
vendor,-0.525185791221412,7,12
air,-0.5503664887132959,30,42
checking,-0.5510131447136843,12,19
really,-0.5510131447136843,12,19
warning,-0.5510131447136843,12,19
windows,-0.5531304765938819,9,15
someone in,-0.5531304765938819,9,15
still,-0.5540212766526883,56,74
router,-0.5551265545916528,22,32
blood,-0.5551265545916528,22,32
growth,-0.5572712138000963,4,8
that proven,-0.5572712138000963,4,8
he can,-0.5572712138000963,4,8
real statistic,-0.5572712138000963,4,8
rather not,-0.5572712138000963,4,8
should read,-0.5572712138000963,4,8
materials,-0.5572712138000963,4,8
forwarded message,-0.5572712138000963,4,8
that it,-0.5572712138000963,4,8
hand,-0.5572712138000963,4,8
smart,-0.5572712138000963,4,8
it's an,-0.5572712138000963,4,8
to to,-0.5572712138000963,4,8
safely,-0.5572712138000963,4,8
replacing,-0.5640753295751647,18,27
possible,-0.5640753295751647,18,27
brushing,-0.5702799430329175,6,11
brand says,-0.5702799430329175,6,11
story,-0.5702799430329175,6,11
with my,-0.5812825908918848,11,18
podcast,-0.5858362833462275,24,35
interest,-0.5909913515235318,8,14
fasting,-0.5909913515235318,8,14
making,-0.5909913515235318,8,14
have,-0.601658398890222,115,146
too,-0.6050014780556412,60,80
blue light,-0.6089625282803236,13,21
employee said,-0.6104735938512799,16,25
to make,-0.6144150122723409,10,17
protein,-0.6144150122723409,10,17
second,-0.6144150122723409,10,17
for all,-0.6158870195339545,19,29
application,-0.6230568138995096,5,10
did that,-0.6230568138995096,5,10
strain and,-0.6230568138995096,5,10
on an,-0.6230568138995096,5,10
common,-0.6230568138995096,5,10
article says,-0.6230568138995096,5,10
old,-0.6231823851588606,33,47
says everyone,-0.6297808046438519,3,7
saying the,-0.6297808046438519,3,7
minor,-0.6297808046438519,3,7
everyone should,-0.6297808046438519,3,7
that explains,-0.6297808046438519,3,7
children,-0.6297808046438519,3,7
and save,-0.6297808046438519,3,7
if your,-0.6297808046438519,3,7
for more,-0.6297808046438519,3,7
consultant says,-0.6297808046438519,3,7
center,-0.6297808046438519,3,7
tire,-0.6328475945102401,25,37
useless,-0.633705861534152,7,13
keep seeing,-0.633705861534152,7,13
rep,-0.633705861534152,7,13
hold,-0.633705861534152,7,13
channel,-0.633705861534152,7,13
ruin,-0.633705861534152,7,13
faster is,-0.633705861534152,7,13
did,-0.6382105439397319,32,46
teacher,-0.638723770317036,12,20
what the,-0.6438836353717846,21,32
colleague,-0.6509500412701478,9,16
fixed,-0.6509500412701478,9,16
didn't,-0.662106548052103,17,27
coach says,-0.665137617378883,20,31
said you,-0.6707285000601972,23,35
solid,-0.6710335362576179,11,19
anything,-0.6799737067352313,33,48
points,-0.6825340255086458,6,12
rare,-0.6825340255086458,6,12
backup,-0.6825340255086458,6,12
sound,-0.68624471698563,4,9
record,-0.68624471698563,4,9
or you,-0.68624471698563,4,9
work from,-0.68624471698563,4,9
trying to,-0.68624471698563,4,9
watering,-0.68624471698563,4,9
credible,-0.68624471698563,4,9
tool,-0.68624471698563,4,9
quick lube,-0.68624471698563,4,9
vinegar and,-0.68624471698563,4,9
so you,-0.68624471698563,4,9
heat,-0.6873142318173643,16,26
control,-0.6915835746485136,8,15
reviews,-0.6915835746485136,8,15
post says,-0.7121296450056959,21,33
it as,-0.7238505565077448,12,21
eye,-0.735999152939256,17,28
wine,-0.736043873462278,23,36
food is,-0.7372312485860858,7,14
blood pressure,-0.7372312485860858,7,14
these,-0.7372312485860858,7,14
gardening,-0.7372312485860858,7,14
remedy,-0.7392525936136732,5,11
issue,-0.7392525936136732,5,11
site says,-0.7427903382644748,14,24
must use,-0.7451287032238174,9,17
text,-0.7451287032238174,9,17
miles or,-0.7579808796510562,11,20
matter,-0.7624185164155319,16,27
door,-0.7641658369923908,3,8
propaganda,-0.7641658369923908,3,8
or they'll,-0.7641658369923908,3,8
humans,-0.7641658369923908,3,8
major,-0.7641658369923908,3,8
by anything,-0.7641658369923908,3,8
and keep,-0.7641658369923908,3,8
ask my,-0.7641658369923908,3,8
costs,-0.7641658369923908,3,8
month is,-0.7641658369923908,3,8
fair,-0.7641658369923908,3,8
that reliable,-0.7641658369923908,3,8
someone on,-0.7641658369923908,3,8
blog,-0.76912108683961,91,122
brake,-0.7735011251822284,13,23
ignore,-0.7791680674873269,21,34
hard,-0.7823317487514014,18,30
screen,-0.7881443061782664,8,16
school,-0.7881443061782664,8,16
parent,-0.7891263759091128,6,13
fruit,-0.7891263759091128,6,13
looked,-0.7891263759091128,6,13
career coach,-0.7891263759091128,6,13
focus,-0.7891263759091128,6,13
drops,-0.7891263759091128,6,13
cycle,-0.7891263759091128,6,13
average,-0.7951739700606952,10,19
my landlord,-0.7951739700606952,10,19
some,-0.8003001900244125,23,37
processing,-0.8064624108507071,4,10
stains,-0.8064624108507071,4,10
can test,-0.8064624108507071,4,10
leak is,-0.8064624108507071,4,10
there's no,-0.8064624108507071,4,10
sleep is,-0.8064624108507071,4,10
child,-0.8064624108507071,4,10
in any,-0.8064624108507071,4,10
label,-0.8268061476525349,84,115
paint,-0.835873274400737,16,28
gas,-0.8359648896069993,9,18
tyre,-0.8359648896069993,9,18
price,-0.836265922859937,7,15
share,-0.836265922859937,7,15
heard,-0.8450462412655325,21,35
forum post,-0.8489766180838347,5,12
choose,-0.8489766180838347,5,12
salesperson says,-0.8489766180838347,5,12
safe to,-0.8489766180838347,5,12
nutrition,-0.8489766180838347,5,12
should get,-0.8489766180838347,5,12
return,-0.8489766180838347,5,12
are the,-0.852538143894294,13,24
link,-0.852538143894294,13,24
home,-0.8711899979474383,38,58
myself,-0.8791871429449447,17,30
contact,-0.881030638767161,8,17
warranty,-0.881030638767161,8,17
is right,-0.881030638767161,8,17
low,-0.8870079241019522,12,23
act,-0.8881495182441328,3,9
and causes,-0.8881495182441328,3,9
want the,-0.8881495182441328,3,9
i'll test,-0.8881495182441328,3,9
the manufacturer,-0.8881495182441328,3,9
by the,-0.8881495182441328,3,9
i'll share,-0.8881495182441328,3,9
overnight is,-0.8881495182441328,3,9
uk,-0.8881495182441328,3,9
time and,-0.8881495182441328,3,9
says blue,-0.8881495182441328,3,9
giving,-0.8881495182441328,3,9
load,-0.8906857203341326,6,14
language,-0.8906857203341326,6,14
it out,-0.8906857203341326,6,14
transmission,-0.8906857203341326,6,14
being,-0.8906857203341326,6,14
landlord,-0.9077591458143099,16,29
you should,-0.9082084862666865,49,73
there's,-0.9098088549687422,21,36
viral,-0.9098088549687422,21,36
copy,-0.9192253638881052,4,11
sensitivity,-0.9192253638881052,4,11
microwave is,-0.9192253638881052,4,11
is probably,-0.9192253638881052,4,11
talk,-0.9192253638881052,4,11
personal,-0.9192253638881052,4,11
requirement,-0.9192253638881052,4,11
from home,-0.9192253638881052,4,11
effects,-0.9192253638881052,4,11
weather,-0.9192253638881052,4,11
part,-0.9237224369821947,9,19
more than,-0.9237224369821947,9,19
short,-0.9242196404540021,11,22
should just,-0.931242332874461,7,16
salary,-0.931242332874461,7,16
label is,-0.9349817376560624,47,71
improve,-0.9380718265239709,15,28
at,-0.953001889406534,160,212
moisture,-0.9530270993633629,5,13
swears,-0.9530270993633629,5,13
charger,-0.9530270993633629,5,13
supplement,-0.9703268757161223,14,27
can use,-0.9705549283377327,8,18
loss,-0.9781511376309492,16,30
avoid,-0.9800950251226174,95,133
sensor,-0.9877426274660388,6,15
my own,-0.9877426274660388,6,15
forum says,-0.9890962520864054,34,55
recommends,-0.9907817203512802,2,8
travel blog,-0.9907817203512802,2,8
the old,-0.9907817203512802,2,8
friend is,-0.9907817203512802,2,8
why do,-0.9907817203512802,2,8
should only,-0.9907817203512802,2,8
see doctor,-0.9907817203512802,2,8
that on,-0.9907817203512802,2,8
process,-0.9907817203512802,2,8
instantly is,-0.9907817203512802,2,8
it's more,-0.9907817203512802,2,8
the legal,-0.9907817203512802,2,8
on forum,-0.9907817203512802,2,8
the figure,-0.9907817203512802,2,8
position,-0.9907817203512802,2,8
conditions,-1.0035095332816575,3,10
risk of,-1.0035095332816575,3,10
cited study,-1.0035095332816575,3,10
employee says,-1.0035095332816575,3,10
enough to,-1.0035095332816575,3,10
heater,-1.0035095332816575,3,10
handyman,-1.0035095332816575,3,10
products,-1.0035095332816575,3,10
pressure,-1.0154908871143447,27,46
government,-1.0225340170852486,7,17
the number,-1.0225340170852486,7,17
told me,-1.024242801416603,64,95
you i'll,-1.025565618362877,4,12
risky,-1.025565618362877,4,12
follow the,-1.0370712226278473,26,45
causes,-1.0378090376290363,56,85
disease,-1.0427038361710699,14,28
that sounds,-1.045538421474026,10,22
helps,-1.0471191191828004,16,31
ev,-1.0520639180491103,5,14
statistic,-1.0520639180491103,5,14
at least,-1.0569917899756798,8,19
state,-1.0807485324418993,6,16
parenting,-1.0807485324418993,6,16
limit,-1.0807485324418993,6,16
sounds,-1.0834979936794689,17,33
certain,-1.090913189408725,9,21
when,-1.097985929739134,31,53
always true,-1.1075067408744848,2,9
up and,-1.1075067408744848,2,9
below,-1.1075067408744848,2,9
diagnosis,-1.1075067408744848,2,9
hard rule,-1.1075067408744848,2,9
focus on,-1.1075067408744848,2,9
outdated i'll,-1.1075067408744848,2,9
that correct,-1.1075067408744848,2,9
made up,-1.1075067408744848,2,9
us,-1.1075067408744848,2,9
level,-1.1104656176578789,7,18
still true,-1.1104656176578789,7,18
vaccines,-1.1116017187598057,3,11
benefit,-1.1116017187598057,3,11
that enough,-1.1116017187598057,3,11
hr,-1.1116017187598057,3,11
or your,-1.1116017187598057,3,11
few,-1.1263145799673873,4,13
by research,-1.1263145799673873,4,13
written,-1.1263145799673873,4,13
different,-1.1405838108569557,8,20
least,-1.1405838108569557,8,20
its,-1.1405838108569557,8,20
insists,-1.1466383411294492,5,15
ignore the,-1.1466383411294492,5,15
that says,-1.149884670321053,13,28
read that,-1.1528484732798376,19,37
without,-1.1617911807207895,47,76
oil changes,-1.1707420778041628,9,22
service,-1.1707420778041628,9,22
automatically,-1.188753634152883,12,27
manual says,-1.1953208978495615,7,19
alone,-1.1953208978495615,7,19
security,-1.20072855488192,10,24
to the,-1.2057120298684698,59,93
saying,-1.2084811780432756,44,73
concrete,-1.213482648889992,3,12
adjust,-1.213482648889992,3,12
says must,-1.213482648889992,3,12
cancer is,-1.213482648889992,3,12
exposure,-1.213482648889992,3,12
legal,-1.2148354083339103,15,32
i'm not,-1.2148354083339103,15,32
detailer says,-1.2161177215249834,2,10
simple,-1.2161177215249834,2,10
my city,-1.2161177215249834,2,10
negotiation,-1.2161177215249834,2,10
owner's manual,-1.2161177215249834,2,10
to one,-1.2161177215249834,2,10
recent,-1.2161177215249834,2,10
any real,-1.2161177215249834,2,10
what happens,-1.2161177215249834,2,10
exists,-1.2161177215249834,2,10
i'll find,-1.2161177215249834,2,10
about the,-1.2215462455305417,8,21
me if,-1.2221512695338823,4,14
did the,-1.2221512695338823,4,14
than the,-1.2221512695338823,4,14
notice,-1.2221512695338823,4,14
for modern,-1.2221512695338823,4,14
employee,-1.2234087049756155,23,44
numbers,-1.2304177905044051,11,26
trying,-1.2372152926565851,5,16
wrong i'll,-1.2372152926565851,5,16
support,-1.2372152926565851,5,16
how much,-1.2372152926565851,5,16
reason,-1.2561025084410058,6,18
search,-1.277349212313254,7,20
says can,-1.277349212313254,7,20
strong,-1.277349212313254,7,20
i've heard,-1.277349212313254,7,20
failure,-1.277349212313254,7,20
strain,-1.2886425969903137,13,30
found,-1.2886425969903137,13,30
rule is,-1.2886425969903137,13,30
interval,-1.3000708987417147,8,22
cost,-1.3000708987417147,8,22
program,-1.309991119852552,3,13
produce,-1.3136370666007895,4,15
valid,-1.3136370666007895,4,15
age,-1.3136370666007895,4,15
worry about,-1.317115593344694,14,32
over time,-1.3179482328645797,2,11
matters,-1.3179482328645797,2,11
on one,-1.3179482328645797,2,11
it actually,-1.3179482328645797,2,11
data so,-1.3179482328645797,2,11
that always,-1.3179482328645797,2,11
owner's,-1.3179482328645797,2,11
my manual,-1.3179482328645797,2,11
fluid,-1.3237083965237197,9,24
effective,-1.3241902760433875,5,17
unless,-1.3241902760433875,5,17
thanks for,-1.3241902760433875,5,17
guarantee,-1.3241902760433875,5,17
scam,-1.3241902760433875,5,17
it's just,-1.3390749890743998,6,19
i'll consider,-1.3469806574730536,1,9
random,-1.3469806574730536,1,9
is marketing,-1.3469806574730536,1,9
that before,-1.3469806574730536,1,9
my local,-1.3469806574730536,1,9
looked at,-1.3469806574730536,1,9
magic,-1.3469806574730536,1,9
helpful,-1.3469806574730536,1,9
from an,-1.3469806574730536,1,9
damaging,-1.3469806574730536,1,9
claim that,-1.3469806574730536,1,9
sizes,-1.3469806574730536,1,9
and monitor,-1.3469806574730536,1,9
affect,-1.3469806574730536,1,9
should trust,-1.3469806574730536,1,9
should search,-1.3469806574730536,1,9
useful,-1.3469806574730536,1,9
video is,-1.3469806574730536,1,9
it worse,-1.3469806574730536,1,9
real study,-1.3469806574730536,1,9
an old,-1.356770768506465,7,21
not worry,-1.3723873433668747,11,28
if my,-1.3822998305903687,14,33
store employee,-1.3970144872287982,12,30
recommend,-1.3971337474332364,9,25
method,-1.3998908811963295,17,38
wood,-1.4012411911916745,4,16
pattern,-1.4012411911916745,4,16
product,-1.4012411911916745,4,16
cited,-1.4012411911916745,4,16
dealer,-1.4012411911916745,4,16
that legal,-1.4012411911916745,4,16
building,-1.4018038893617202,3,14
between,-1.4018038893617202,3,14
certification,-1.4018038893617202,3,14
film,-1.4018038893617202,3,14
if i'm,-1.4079023978246894,5,18
irs,-1.414019924503944,2,12
student,-1.414019924503944,2,12
wasting,-1.414019924503944,2,12
can tell,-1.414019924503944,2,12
safe but,-1.414019924503944,2,12
learning,-1.414019924503944,2,12
formula,-1.414019924503944,2,12
the studies,-1.446368587290194,1,10
claimed,-1.446368587290194,1,10
concern,-1.446368587290194,1,10
that valid,-1.446368587290194,1,10
repeat,-1.446368587290194,1,10
remote,-1.446368587290194,1,10
to look,-1.446368587290194,1,10
that legally,-1.446368587290194,1,10
strict,-1.446368587290194,1,10
kind,-1.446368587290194,1,10
just marketing,-1.446368587290194,1,10
might be,-1.446368587290194,1,10
worse,-1.4504756828875829,8,24
i'd rather,-1.4686900838067625,9,26
credit,-1.475043154392968,22,47
universal,-1.4853597066764015,4,17
quote,-1.4853597066764015,4,17
expense,-1.4894747782127242,3,15
diagnostic,-1.4894747782127242,3,15
measure,-1.4894747782127242,3,15
against,-1.4894747782127242,3,15
blog says,-1.4913801169028504,43,78
just the,-1.505132986383059,2,13
name the,-1.505132986383059,2,13
lab,-1.505132986383059,2,13
reasonable,-1.505132986383059,2,13
human,-1.505132986383059,2,13
for the,-1.505946496414521,60,102
works better,-1.5226487035020804,8,25
should do,-1.538490129461482,9,27
life so,-1.5399174968567009,1,11
the effect,-1.5399174968567009,1,11
guess,-1.5399174968567009,1,11
red flag,-1.5399174968567009,1,11
technical,-1.5399174968567009,1,11
harm,-1.5399174968567009,1,11
true is,-1.5399174968567009,1,11
that rule,-1.5399174968567009,1,11
plausible,-1.5399174968567009,1,11
flag,-1.5399174968567009,1,11
discuss,-1.5399174968567009,1,11
disease is,-1.5399174968567009,1,11
is outdated,-1.566329906709376,4,18
that from,-1.566671194688582,5,20
word,-1.566671194688582,5,20
good i'll,-1.570616779522072,14,36
them so,-1.5721432767427561,6,22
sales,-1.5734627174077915,3,16
degradation,-1.5734627174077915,3,16
who,-1.5918944765655485,15,38
is an,-1.5919261085353449,2,14
on this,-1.5919261085353449,2,14
friend's,-1.5919261085353449,2,14
monitor,-1.5919261085353449,2,14
happens,-1.5919261085353449,2,14
strength,-1.5919261085353449,2,14
size,-1.5923653128333117,12,33
rates,-1.5929739161847385,8,26
tested,-1.5929739161847385,8,26
or the,-1.6115807632447605,13,35
limits,-1.6285080400508916,1,12
actual study,-1.6285080400508916,1,12
ask the,-1.6285080400508916,1,12
my area,-1.6285080400508916,1,12
percentage,-1.6285080400508916,1,12
you get,-1.6285080400508916,1,12
repeating,-1.6285080400508916,1,12
know it's,-1.6285080400508916,1,12
damage is,-1.6285080400508916,1,12
published,-1.6285080400508916,1,12
if there's,-1.6285080400508916,1,12
if they,-1.6422051144749226,5,21
the risk,-1.6444413581358983,4,19
model,-1.6452100818689632,6,23
which is,-1.6452100818689632,6,23
one label,-1.6519947312413192,7,25
quality,-1.6519947312413192,7,25
should use,-1.6519947312413192,7,25
that still,-1.6519947312413192,7,25
area,-1.654152267679913,3,17
help me,-1.654152267679913,3,17
timing,-1.654152267679913,3,17
forum,-1.6648272200027052,62,109
doesn't,-1.6712003709622008,30,63
i'll ask,-1.673223689643833,9,29
specifically,-1.6749174611156523,2,15
by is,-1.6749174611156523,2,15
that real,-1.6771784045584233,19,46
site,-1.6771784045584233,19,46
that accurate,-1.691024200241038,17,43
sure,-1.6942243508828705,35,71
is this,-1.696204114019978,0,10
look it,-1.696204114019978,0,10
estimate,-1.696204114019978,0,10
work is,-1.696204114019978,0,10
false what,-1.696204114019978,0,10
too broad,-1.696204114019978,0,10
measuring,-1.696204114019978,0,10
do they,-1.696204114019978,0,10
need something,-1.696204114019978,0,10
skeptical,-1.696204114019978,0,10
pitch,-1.696204114019978,0,10
overblown,-1.696204114019978,0,10
there specific,-1.696204114019978,0,10
puffiness is,-1.696204114019978,0,10
broad,-1.696204114019978,0,10
authority,-1.696204114019978,0,10
it where,-1.696204114019978,0,10
before deciding,-1.696204114019978,0,10
it want,-1.696204114019978,0,10
check labels,-1.696204114019978,0,10
help but,-1.696204114019978,0,10
historical,-1.696204114019978,0,10
calculate,-1.696204114019978,0,10
decide,-1.696204114019978,0,10
should treat,-1.696204114019978,0,10
would find,-1.696204114019978,0,10
may be,-1.696204114019978,0,10
unnecessary work,-1.696204114019978,0,10
review on,-1.696204114019978,0,10
right where,-1.696204114019978,0,10
right what,-1.696204114019978,0,10
instead of,-1.6983534119603192,20,48
help,-1.6989583226173604,27,59
you know,-1.7128249724860765,1,13
plastics,-1.7128249724860765,1,13
performance,-1.7128249724860765,1,13
where do,-1.7128249724860765,1,13
on how,-1.7128249724860765,1,13
wording,-1.7128249724860765,1,13
why does,-1.7128249724860765,1,13
tracking,-1.7128249724860765,1,13
reports,-1.7128249724860765,1,13
temperature,-1.7162416534278955,6,24
says you,-1.716628123156045,66,116
rules,-1.7199444840090172,4,20
scientific,-1.7199444840090172,4,20
instead,-1.726804813360591,44,85
condition,-1.7318688991691855,3,18
chemical,-1.7318688991691855,3,18
does it,-1.7318688991691855,3,18
practice,-1.7498557135819073,10,32
food,-1.7529595386725298,61,110
the fda,-1.7545334559408186,2,16
levels,-1.7545334559408186,2,16
health,-1.7631281149895428,40,80
way to,-1.765609576269923,18,46
so it's,-1.772880751073636,120,191
accurate what,-1.779001828333779,0,11
that tested,-1.779001828333779,0,11
that shows,-1.779001828333779,0,11
show the,-1.779001828333779,0,11
independent testing,-1.779001828333779,0,11
review and,-1.779001828333779,0,11
that review,-1.779001828333779,0,11
university,-1.779001828333779,0,11
unnecessary changes,-1.779001828333779,0,11
research where,-1.779001828333779,0,11
regulatory,-1.779001828333779,0,11
outcomes,-1.779001828333779,0,11
that don't,-1.779001828333779,0,11
food science,-1.779001828333779,0,11
deciding,-1.779001828333779,0,11
second opinion,-1.779001828333779,0,11
there controlled,-1.779001828333779,0,11
publication,-1.779001828333779,0,11
randomized,-1.779001828333779,0,11
there source,-1.779001828333779,0,11
not follow,-1.779001828333779,0,11
rule where,-1.779001828333779,0,11
my policy,-1.779001828333779,0,11
my specific,-1.779001828333779,0,11
what studies,-1.779001828333779,0,11
that come,-1.779001828333779,0,11
dermatology,-1.779001828333779,0,11
to battery,-1.779001828333779,0,11
get second,-1.779001828333779,0,11
statement so,-1.779001828333779,0,11
i'll compare,-1.779001828333779,0,11
any scientific,-1.779001828333779,0,11
so one,-1.7881611420772352,7,27
modern,-1.7913062431040574,13,38
sources,-1.793412226036769,1,14
true or,-1.793412226036769,1,14
legitimate,-1.793412226036769,1,14
number come,-1.793412226036769,1,14
read it,-1.793412226036769,1,14
physics,-1.793412226036769,1,14
maintenance,-1.7939504882763213,8,29
that safe,-1.8020566347148206,9,31
changing,-1.8068905511205324,3,19
that how,-1.8119714870488184,10,33
any science,-1.8311294062009082,2,17
to study,-1.8311294062009082,2,17
can see,-1.8311294062009082,2,17
rule,-1.8450940712213912,90,153
paper,-1.85274295824566,6,26
rely on,-1.8554370825963542,17,46
shows,-1.857925371778755,8,30
right can,-1.8581151079201026,0,12
evidence where,-1.8581151079201026,0,12
works what,-1.8581151079201026,0,12
intervals,-1.8581151079201026,0,12
analysis,-1.8581151079201026,0,12
unnecessary oil,-1.8581151079201026,0,12
treat it,-1.8581151079201026,0,12
anecdotal,-1.8581151079201026,0,12
is oversimplified,-1.8581151079201026,0,12
is overstated,-1.8581151079201026,0,12
supporting that,-1.8581151079201026,0,12
official guidance,-1.8581151079201026,0,12
supporting,-1.8581151079201026,0,12
this want,-1.8581151079201026,0,12
before paying,-1.8581151079201026,0,12
just an,-1.8581151079201026,0,12
can look,-1.8581151079201026,0,12
the blanket,-1.8581151079201026,0,12
measurement,-1.8581151079201026,0,12
not rely,-1.8581151079201026,0,12
clinical evidence,-1.8581151079201026,0,12
data showing,-1.8581151079201026,0,12
check for,-1.8581151079201026,0,12
studies want,-1.8581151079201026,0,12
safer is,-1.8581151079201026,0,12
rule come,-1.8581151079201026,0,12
exaggerated i'll,-1.8581151079201026,0,12
document,-1.8581151079201026,0,12
an actual,-1.8581151079201026,0,12
do to,-1.8581151079201026,0,12
the cochrane,-1.8581151079201026,0,12
did you,-1.8581151079201026,0,12
an official,-1.8707097720693886,1,15
consider,-1.8707097720693886,1,15
check that,-1.8707097720693886,1,15
may,-1.8707097720693886,1,15
long-term,-1.8707097720693886,1,15
their,-1.8725353790704569,58,109
is just,-1.8728772429699645,10,34
damage,-1.8918723432260416,22,55
can just,-1.8939558943138146,12,38
risk,-1.9027563276228943,30,68
seems,-1.9184511052300957,6,27
rely,-1.9245642531537388,18,49
changes,-1.932589845134246,15,44
seen,-1.9328533104889318,4,23
find that,-1.9339961591797654,0,13
multiple cold,-1.9339961591797654,0,13
and what,-1.9339961591797654,0,13
accurate can,-1.9339961591797654,0,13
standard for,-1.9339961591797654,0,13
and whether,-1.9339961591797654,0,13
me source,-1.9339961591797654,0,13
and check,-1.9339961591797654,0,13
methodology,-1.9339961591797654,0,13
might help,-1.9339961591797654,0,13
actually helps,-1.9339961591797654,0,13
upsell,-1.9339961591797654,0,13
have source,-1.9339961591797654,0,13
what specific,-1.9339961591797654,0,13
citation,-1.9339961591797654,0,13
to confirm,-1.9339961591797654,0,13
from i'd,-1.9339961591797654,0,13
combining multiple,-1.9339961591797654,0,13
confirm that,-1.9339961591797654,0,13
statute,-1.9339961591797654,0,13
blanket claim,-1.9339961591797654,0,13
best are,-1.9339961591797654,0,13
how would,-1.9339961591797654,0,13
supports that,-1.9339961591797654,0,13
is unsupported,-1.9339961591797654,0,13
there clinical,-1.9339961591797654,0,13
independent tests,-1.9339961591797654,0,13
actual data,-1.9339961591797654,0,13
cdc,-1.9450790713132824,1,16
show my,-1.9450790713132824,1,16
chemistry,-1.9450790713132824,1,16
explanation,-1.9450790713132824,1,16
the difference,-1.9450790713132824,1,16
actual research,-1.9450790713132824,1,16
dental,-1.9497742730605456,3,21
law,-1.9511392144723314,12,39
accurate,-1.9535224367525739,37,80
if the,-1.9733372145141725,52,103
panic,-1.976413972061296,2,19
don't,-1.9821236880528774,102,174
on any,-1.9886099525735472,5,26
official source,-2.007011627680344,0,14
that supports,-2.007011627680344,0,14
relying,-2.007011627680344,0,14
sample,-2.007011627680344,0,14
i'll treat,-2.007011627680344,0,14
study and,-2.007011627680344,0,14
the current,-2.007011627680344,0,14
what evidence,-2.007011627680344,0,14
not supported,-2.007011627680344,0,14
from can,-2.007011627680344,0,14
there data,-2.007011627680344,0,14
relying on,-2.007011627680344,0,14
guidance so,-2.007011627680344,0,14
of those,-2.007011627680344,0,14
you find,-2.007011627680344,0,14
works best,-2.007011627680344,0,14
to any,-2.007011627680344,0,14
what if,-2.007011627680344,0,14
or study,-2.007011627680344,0,14
local,-2.007379019094388,12,40
one of,-2.0168211179594246,1,17
compresses,-2.0168211179594246,1,17
car,-2.029445444154474,73,135
says their,-2.0443668116475022,9,35
by,-2.05710609083304,142,231
report,-2.0714783773944743,13,43
unsupported,-2.0774636805857325,0,15
clinical trials,-2.0774636805857325,0,15
best is,-2.0774636805857325,0,15
find study,-2.0774636805857325,0,15
advice want,-2.0774636805857325,0,15
source from,-2.0774636805857325,0,15
summary,-2.0774636805857325,0,15
where would,-2.0774636805857325,0,15
to source,-2.0774636805857325,0,15
review want,-2.0774636805857325,0,15
cold compresses,-2.0774636805857325,0,15
compresses so,-2.0774636805857325,0,15
do verify,-2.0774636805857325,0,15
that which,-2.0774636805857325,0,15
reference,-2.0774636805857325,0,15
i'll pull,-2.0774636805857325,0,15
true how,-2.0774636805857325,0,15
oversimplified,-2.0774636805857325,0,15
thank,-2.0774636805857325,0,15
thank you,-2.0774636805857325,0,15
supports,-2.086189532134595,1,18
that just,-2.086189532134595,1,18
outdated,-2.1066087029205636,6,30
i've seen,-2.112679810792488,2,21
see if,-2.1151143306580313,5,28
i'll look,-2.1237976914900276,30,73
you have,-2.1249406454044557,13,44
exact,-2.133048412125706,22,60
that seems,-2.145604846040845,0,16
actually say,-2.145604846040845,0,16
any study,-2.145604846040845,0,16
versus,-2.145604846040845,0,16
you help,-2.145604846040845,0,16
that standard,-2.145604846040845,0,16
explain the,-2.145604846040845,0,16
name one,-2.145604846040845,0,16
required is,-2.145604846040845,0,16
overstated,-2.145604846040845,0,16
there standard,-2.145604846040845,0,16
basis for,-2.145604846040845,0,16
evidence is,-2.145604846040845,0,16
standards,-2.145604846040845,0,16
say where,-2.145604846040845,0,16
but won't,-2.145604846040845,0,16
but isn't,-2.145604846040845,0,16
which studies,-2.145604846040845,0,16
check if,-2.145604846040845,0,16
actually works,-2.145604846040845,0,16
association,-2.145604846040845,0,16
absolute,-2.1534002539428942,1,19
methods,-2.1534002539428942,1,19
ask for,-2.1586124522165386,8,35
effect,-2.158807226373497,9,37
to check,-2.170807281953683,12,43
type,-2.17789042189856,2,22
to an,-2.2116487305522408,0,17
that or,-2.2116487305522408,0,17
cite study,-2.2116487305522408,0,17
manual and,-2.2116487305522408,0,17
spec,-2.2116487305522408,0,17
so not,-2.2116487305522408,0,17
understand the,-2.2116487305522408,0,17
consumer,-2.2116487305522408,0,17
combining them,-2.2116487305522408,0,17
systematic review,-2.2116487305522408,0,17
source that,-2.2116487305522408,0,17
from want,-2.2116487305522408,0,17
says that,-2.218638850810884,1,20
it might,-2.218638850810884,1,20
you must,-2.22459807659972,18,55
extension,-2.241352427370281,2,23
guide,-2.26930371985782,9,39
manufacturers,-2.275777932983959,0,18
better are,-2.275777932983959,0,18
compared to,-2.275777932983959,0,18
actually do,-2.275777932983959,0,18
accurate where,-2.275777932983959,0,18
to rely,-2.2820661141504965,1,21
idea,-2.2820661141504965,1,21
compared,-2.2820661141504965,1,21
showing that,-2.2820661141504965,1,21
necessary,-2.3019689101534895,16,53
to verify,-2.30319346978506,2,24
number,-2.3034694872372525,50,109
shouldn't,-2.3240685973204314,11,44
reliable,-2.3312340318601894,13,48
real,-2.3312801760010418,66,134
range,-2.33325048032352,3,27
to food,-2.3381500024955444,0,19
the epa,-2.3381500024955444,0,19
is misleading,-2.3381500024955444,0,19
systematic,-2.3381500024955444,0,19
veterinary,-2.3381500024955444,0,19
general,-2.3381500024955444,0,19
are you,-2.3381500024955444,0,19
survey,-2.3381500024955444,0,19
of,-2.3384562625740895,358,526
could,-2.339537991340875,6,34
what about,-2.343822407363797,1,22
the original,-2.343822407363797,1,22
should follow,-2.343822407363797,1,22
wrong,-2.3495999400488676,28,75
to specific,-2.363526810375724,2,25
fda,-2.363526810375724,2,25
difference,-2.3918803883278095,3,28
peer-reviewed,-2.39890200074923,0,20
research say,-2.39890200074923,0,20
manufacturer's,-2.39890200074923,0,20
science behind,-2.39890200074923,0,20
consensus,-2.39890200074923,0,20
that claim,-2.39890200074923,0,20
mechanism,-2.39890200074923,0,20
industry,-2.4040310874161217,1,23
use one,-2.42574400237679,4,31
page,-2.4390737626012866,15,54
there evidence,-2.4492501822861446,3,29
care,-2.4492501822861446,3,29
any independent,-2.4581540483559543,0,21
from so,-2.4581540483559543,0,21
you explain,-2.4581540483559543,0,21
cochrane review,-2.4581540483559543,0,21
is actually,-2.4581540483559543,0,21
the study,-2.4581540483559543,0,21
study can,-2.4581540483559543,0,21
clinical trial,-2.462801228836636,1,24
should ask,-2.462801228836636,1,24
the extra,-2.463189168063477,5,34
that necessary,-2.463189168063477,5,34
like,-2.4634115652275588,39,96
are,-2.4690813339260234,219,352
of that,-2.480063905377488,2,27
medical,-2.4814877924766483,4,32
isn't,-2.4819741670326065,14,53
that if,-2.4923260420116247,7,39
know the,-2.5054334520624786,3,30
than,-2.5117935266337676,83,165
should check,-2.5160121190141456,0,22
there way,-2.5160121190141456,0,22
true what,-2.5160121190141456,0,22
verify the,-2.5160121190141456,0,22
before buying,-2.5160121190141456,0,22
guidance on,-2.5160121190141456,0,22
what are,-2.5160121190141456,0,22
misleading,-2.5160121190141456,0,22
study so,-2.5202298153933493,1,25
the research,-2.5202298153933493,1,25
proper,-2.5202298153933493,1,25
that number,-2.536165220969632,4,33
marketing,-2.5442975392198854,7,40
sure i'm,-2.5725702676576705,0,23
epa,-2.5725702676576705,0,23
that advice,-2.5725702676576705,0,23
backed,-2.5738664709267653,11,49
the exact,-2.576133851999019,10,47
backed by,-2.580270452821724,9,45
so can,-2.5853155399322363,27,79
worth the,-2.5898312697977004,4,34
that backed,-2.595447865020446,7,41
explain,-2.6145023272822785,3,32
hours works,-2.627912426734433,0,24
about multiple,-2.627912426734433,0,24
trials,-2.627912426734433,0,24
cochrane,-2.627912426734433,0,24
study that,-2.627912426734433,0,24
why,-2.629556129582347,23,73
comparison,-2.631400166768979,1,27
measured,-2.631400166768979,1,27
original,-2.631400166768979,1,27
to read,-2.631400166768979,1,27
agency,-2.631400166768979,1,27
safety source,-2.682113868719738,0,25
evidence can,-2.682113868719738,0,25
the source,-2.682113868719738,0,25
better is,-2.682113868719738,0,25
any actual,-2.6852899311691565,1,28
you tell,-2.6852899311691565,1,28
not the,-2.694327738203266,4,36
combining,-2.6988602339142447,2,31
effort,-2.6988602339142447,2,31
policy,-2.719918454655088,10,50
figure come,-2.735242407671137,0,26
where did,-2.735242407671137,0,26
opinion,-2.735242407671137,0,26
study want,-2.735242407671137,0,26
is exaggerated,-2.735242407671137,0,26
to understand,-2.735242407671137,0,26
check my,-2.738136349423254,1,29
food safety,-2.738136349423254,1,29
confirm,-2.7707034494246274,3,35
was very,-2.7707034494246274,3,35
ask,-2.780807397901892,21,73
can read,-2.787359394574479,0,27
advice is,-2.787359394574479,0,27
that study,-2.787359394574479,0,27
say can,-2.787359394574479,0,27
should look,-2.787359394574479,0,27
actual evidence,-2.78999715720249,1,30
if needed,-2.802148113446658,2,33
treat,-2.802148113446658,2,33
understand,-2.802148113446658,2,33
an,-2.807598771711977,212,359
worth,-2.8166973776469524,20,72
is too,-2.8209901339334333,3,36
is wrong,-2.8235029312265327,5,41
study showing,-2.8385205481526,0,28
what actually,-2.8385205481526,0,28
drive that,-2.8385205481526,0,28
meta-analysis,-2.8385205481526,0,28
actually true,-2.840001823121309,7,46
current,-2.840001823121309,7,46
guidelines,-2.8409250001808544,1,31
claims,-2.857626840706707,20,73
give,-2.8609468163721963,27,86
battery is,-2.865598590026281,9,51
figure,-2.8704565374969815,3,37
typical,-2.8887766532070778,0,29
look up,-2.8887766532070778,0,29
study comparing,-2.8887766532070778,0,29
know what,-2.8909680366841672,1,32
it just,-2.8909680366841672,1,32
i'll not,-2.8909680366841672,1,32
and maybe,-2.9191399616511617,3,38
very,-2.933116888300453,7,48
evidence-based,-2.9381741514276443,0,30
necessary but,-2.9381741514276443,0,30
to compare,-2.9381741514276443,0,30
controlled,-2.9381741514276443,0,30
is false,-2.9381741514276443,0,30
that want,-2.9381741514276443,0,30
so shouldn't,-2.9505700087262174,2,36
behind that,-2.9505700087262174,2,36
on combining,-2.986755644240134,0,31
one want,-2.986755644240134,0,31
source on,-2.986755644240134,0,31
where is,-2.986755644240134,0,31
extra effort,-2.986755644240134,0,31
false,-2.988091474347995,4,42
any clinical,-2.98857290023839,1,34
tell me,-2.98857290023839,1,34
name,-3.0152412742704198,14,65
maybe,-3.0238295562556052,7,50
say so,-3.034560323188217,0,32
recommendation,-3.034560323188217,0,32
there an,-3.034560323188217,0,32
you show,-3.034560323188217,0,32
that true,-3.0425188261967357,166,306
tests,-3.0456420689880885,2,38
might,-3.058111564695737,5,46
the manual,-3.084230884196093,6,49
says it,-3.097666305877976,29,96
behind,-3.1255202077483095,4,45
exaggerated,-3.1279811278175753,0,34
myth,-3.128463898446788,6,50
look at,-3.1293416501223312,1,37
i'll read,-3.1379257091311596,2,40
it's worth,-3.155746170841977,7,53
thought,-3.1626518132693913,10,60
do know,-3.173661677060332,0,35
there actual,-3.1748924429321175,1,38
whether,-3.1748924429321175,1,38
should not,-3.1830941181121886,2,41
standard,-3.1939926603629463,33,106
manufacturer,-3.214125818754545,4,47
to show,-3.219805262428886,1,39
testing,-3.227648307717663,2,42
do you,-3.2406320697370035,3,45
true for,-3.2575902341350007,4,48
thanks i'll,-3.2631072427809795,0,37
verify that,-3.2631072427809795,0,37
multiple,-3.2641060369634047,1,40
the official,-3.271612233328358,2,43
that so,-3.283102259989277,7,56
not just,-3.300521996483956,4,49
works are,-3.3069240709594663,0,38
basis,-3.3150083548136813,2,44
supported by,-3.3150083548136813,2,44
says,-3.3446026203121706,1014,1430
show me,-3.350168635668752,0,39
cite the,-3.350168635668752,0,39
can verify,-3.350168635668752,0,39
those,-3.3805646916939947,13,72
read the,-3.4114114878477677,3,49
me the,-3.417652438139575,9,64
blanket,-3.4350271425237655,0,41
specific study,-3.4350271425237655,0,41
to,-3.436123612954668,1479,2015
something,-3.470690026603195,8,63
true,-3.47250743496804,230,418
any data,-3.476680885013105,0,42
from is,-3.476680885013105,0,42
is not,-3.4845807286236723,5,56
to avoid,-3.5035462628479928,24,98
safe is,-3.507799258523941,4,54
study or,-3.517842183229003,0,43
before,-3.555549693414427,111,247
vs,-3.558528125454479,0,44
that where,-3.558528125454479,0,44
you name,-3.5990918552421447,1,48
that supported,-3.604507913583182,2,51
would,-3.6359317211197664,10,72
manual so,-3.638537541118679,0,46
to car,-3.638537541118679,0,46
guideline,-3.638537541118679,0,46
but not,-3.6778906540673466,0,47
science,-3.7001470787185666,15,85
true but,-3.716827818516826,0,48
rather than,-3.716827818516826,0,48
car manual,-3.716827818516826,0,48
unnecessary,-3.718843174285701,5,62
show,-3.7401472008350662,26,109
should,-3.7869035765730277,302,537
research on,-3.7935053978621265,0,50
the evidence,-3.7935714574490653,1,53
there study,-3.7935714574490653,1,53
rather,-3.7960057534690526,9,74
that based,-3.798068152835229,2,56
i'd,-3.8213200627894186,13,84
what should,-3.8309618675395596,5,65
packaging source,-3.8312697641519304,0,51
like to,-3.8312906149166395,1,54
how can,-3.868666172248865,0,52
can check,-3.909685566939667,2,59
you give,-3.9422965584533807,1,57
evidence that,-3.9422965584533807,1,57
i'd like,-3.9423968952184616,0,54
test,-3.9436624022571065,36,135
to packaging,-3.9787508919468113,0,55
it's not,-4.003645507607682,12,87
is it,-4.006225683281147,7,75
trial,-4.014605725393464,1,59
avoid unnecessary,-4.014776355643314,0,56
the specific,-4.014776355643314,0,56
independent,-4.050279027513549,1,60
packaging,-4.05048205236477,0,57
say about,-4.05048205236477,0,57
look,-4.089518213706142,35,138
advice,-4.107542138602916,15,97
compare,-4.120967317686497,0,59
statement,-4.120967317686497,0,59
comparing,-4.120967317686497,0,59
or just,-4.1240025531298885,2,65
source for,-4.1902695607500124,0,61
what is,-4.193041833392032,2,67
read,-4.218592688550271,42,156
study on,-4.224153553496344,1,65
what do,-4.224153553496344,1,65
give me,-4.224495282183484,0,62
on that,-4.226679503921632,8,84
be sure,-4.2580810990263025,1,66
clinical,-4.266655842681548,3,72
that actually,-4.268813154099368,19,111
me,-4.269895802579303,204,423
safety,-4.277364531806973,7,83
about,-4.297140809818395,66,203
the claim,-4.3251420230766335,1,68
or is,-4.3251420230766335,1,68
review,-4.343944604585066,11,95
so should,-4.388546248750439,53,183
does that,-4.425440815603587,12,100
showing,-4.431324783832039,3,77
check the,-4.515466385133967,8,93
that can,-4.5521203460158866,1,75
supported,-4.682999059880623,3,85
she says,-4.689100004669748,4,88
true where,-4.738679418464753,0,78
thanks,-4.756676946066155,12,111
any studies,-4.768980134071123,0,79
data on,-4.768980134071123,0,79
from,-4.769899660563925,149,364
official,-4.825595522972834,6,98
if it's,-4.893911837003999,7,103
for,-4.922939891982828,689,1152
see the,-4.927263661355377,4,96
which,-4.928712486206774,24,145
don't want,-5.001854626246396,9,112
how do,-5.004804485927954,0,87
that what,-5.004804485927954,0,87
come,-5.058653355696393,15,129
guidance,-5.090431125685835,0,90
verify,-5.12219891681698,3,100
studies on,-5.146726680489717,0,92
what's the,-5.175091188492312,2,99
me to,-5.179017406370579,19,143
i'll check,-5.257962996690249,7,116
manual,-5.313974271480461,16,141
you cite,-5.3391038940954765,0,99
for that,-5.407452810882277,52,223
what's,-5.463327428992883,6,121
based,-5.47986738564879,15,145
based on,-5.542848047445875,14,145
if,-5.550169325220933,288,628
where does,-5.575941135909033,1,111
cite,-5.627385736463536,1,113
point me,-5.829464317585926,0,118
are there,-5.854139484122132,0,119
source so,-5.975993701891117,0,124
know if,-5.975993701891117,0,124
say,-5.9940804901206635,30,202
come from,-5.999243130359697,1,128
find the,-6.000068875140379,0,125
see,-6.071096365022072,32,210
what does,-6.095422967807197,0,129
true can,-6.165975287632768,0,132
any evidence,-6.169322505332305,4,144
to see,-6.233699866311043,8,158
on,-6.25690581355223,484,975
you,-6.328099893339064,656,1231
does the,-6.462849547022012,0,145
evidence for,-6.574496067704276,9,176
to know,-6.580240179677278,13,187
specific,-6.6799855455821815,12,189
research,-6.703777085752311,9,182
what,-6.763824771464303,288,712
know,-6.8619444312257585,36,257
claim is,-7.080614626930731,0,174
studies,-7.170546790114935,7,199
the actual,-7.180913436052389,2,185
check,-7.20704519109314,43,291
data,-7.208234254116002,11,212
how,-7.409074505637994,32,276
does,-8.111077917634343,41,337
can find,-8.282404723777013,2,244
so the,-8.366678286595347,89,460
actually,-8.703393471091575,29,343
claim,-8.799024280689816,18,320
find,-8.89533877222856,14,315
point to,-9.193083506606357,0,293
not,-9.221148309254769,116,575
actual,-9.382142512514386,7,326
where can,-9.638549004815745,0,322
is that,-9.794555443184345,412,1170
or,-9.85723766924026,86,556
evidence,-9.958159872634369,17,393
study,-10.013902901291706,24,416
source,-10.263930268868176,0,365
point,-10.60677292377883,13,428
any,-10.703131251481716,130,718
you point,-10.84041917857931,0,407
that,-11.218841690680856,1201,2583
there any,-12.138608251996427,16,557
where,-12.32369801169242,13,564
is,-12.56017698092833,1684,3496
want to,-14.00524498755674,17,728
want,-14.173790000225297,31,784
can you,-14.767585596001279,1,756
is there,-15.803543030313817,25,935
there,-16.089096989116175,66,1079
can,-16.336472389294162,221,1483
